Time,r,b,swpd,free,buff,cache,si,so,bi,bo,in,cs,us,sy,id,wa,st
0,3,2,4284,76890928,347976,20132280,0,0,3,212,0,0,1,0,99,0,0
10,1,1,4284,77039752,347976,20132300,0,0,0,141510,1708,2873,0,1,95,4,0
20,2,1,4284,77048128,347976,20132340,0,0,0,151369,1615,2810,0,1,95,4,0
30,2,1,4284,76665280,347976,20431220,0,0,0,149685,8850,14699,1,2,93,4,0
40,3,1,4284,76176784,347976,20859180,0,0,0,143196,12296,20472,2,2,92,4,0
50,1,1,4284,75726840,347976,21267000,0,0,0,150886,11534,19543,2,2,92,4,0
60,1,1,4284,75334032,347976,21681924,0,0,0,150850,11507,22043,2,2,92,4,0
70,1,1,4284,74884096,347976,22121096,0,0,0,144814,12177,19808,2,2,92,4,0
80,1,1,4284,74530144,347976,22513812,0,0,0,148756,10564,15952,2,1,93,3,0
90,1,1,4284,74085856,347976,22936536,0,0,0,150843,12043,22156,2,2,92,4,0
100,1,1,4284,73633776,347976,23333692,0,0,0,80536,10785,17479,2,1,95,2,0
110,1,1,4284,73194592,347976,23713844,0,0,0,148478,10760,21168,2,1,92,5,0
120,1,0,4284,72772264,347976,24139108,0,0,2,134702,11524,22688,2,1,92,5,0
130,1,0,4284,72328112,347976,24576352,0,0,1,92427,12324,18715,2,1,94,2,0
140,4,0,4284,71934952,347976,24977624,0,0,0,46167,10447,17588,2,1,96,1,0
150,4,0,4284,71582224,347976,25357112,0,0,0,12130,9915,17475,2,1,97,0,0
160,1,0,4284,71166504,347976,25778368,0,0,0,70,11204,18321,2,1,97,0,0
170,2,1,4284,70713712,347976,26208348,0,0,0,51268,11336,18554,2,1,96,1,0
180,1,1,4284,70284032,347976,26604876,0,0,0,83852,10663,17453,2,1,95,2,0
190,1,0,4284,69811616,347976,27038820,0,0,0,14255,11069,18468,2,1,96,0,0
200,2,0,4284,69430704,347976,27464800,0,0,0,9,11222,18543,2,1,97,0,0
210,1,1,4284,68904224,347976,27895324,0,0,0,80793,11472,18646,2,1,95,1,0
220,3,0,4284,68434416,347976,28343844,0,0,0,62362,11332,18545,2,1,95,1,0
230,1,0,4284,68021568,347976,28773448,0,0,0,16,11082,18469,2,1,97,0,0
240,3,1,4284,67650248,347976,29193600,0,0,0,41566,11074,17939,2,1,96,1,0
250,3,1,4284,67105436,347976,29630008,0,0,0,83820,12078,18394,2,1,94,2,0
260,1,0,4284,66727004,347976,30073712,0,0,0,26197,11302,18669,2,1,96,1,0
270,2,0,4284,66311892,347976,30491680,0,0,0,18835,10584,17918,2,1,97,0,0
280,1,1,4284,65848776,347976,30931064,0,0,0,51490,12235,18517,2,1,95,1,0
290,3,0,4284,65314816,347976,31391492,0,0,0,82028,11105,19186,2,1,94,2,0
300,2,0,4284,64915548,347976,31844860,0,0,0,15908,9498,17996,2,1,96,0,0
310,3,0,4284,64457748,347976,32282808,0,0,0,19881,9742,19009,2,1,96,0,0
320,2,1,4284,64081712,347976,32656836,0,0,0,59290,8666,17620,2,1,96,1,0
330,5,0,4284,63747848,347976,32967212,0,0,0,73818,7126,15533,2,1,95,3,0
340,1,0,4284,63328332,347976,33384268,0,0,0,16910,9497,18810,2,1,96,0,0
350,1,0,4284,62834808,347976,33862632,0,0,0,26,9690,19897,2,1,97,0,0
360,2,0,4284,62398340,347976,34268264,0,0,0,117294,10921,17637,2,1,94,3,0
370,4,0,4284,61891188,347976,34741304,0,0,0,16292,10099,20057,2,1,96,0,0
380,1,0,4284,61494628,347976,35162732,0,0,0,20,9202,18574,2,1,97,0,0
390,1,1,4284,61051004,347976,35562756,0,0,0,109262,10083,17946,2,1,94,3,0
400,2,0,4284,60602912,347976,35994864,0,0,0,24047,9111,17701,2,1,96,1,0
410,1,0,4284,60224432,347976,36399864,0,0,0,16991,9170,18367,2,1,97,0,0
420,0,1,4284,59697664,347976,36851784,0,0,0,56895,9546,18286,2,1,96,1,0
430,2,0,4284,59234692,347976,37284660,0,0,0,66909,9809,19093,2,1,95,2,0
440,3,0,4284,58821732,347976,37749424,0,0,0,16770,9422,20081,2,1,97,0,0
450,3,1,4284,58313164,347976,38250668,0,0,0,27468,10909,20003,2,1,96,0,0
460,0,0,4284,57847484,347976,38700148,0,0,0,68498,9922,17942,2,1,95,2,0
470,1,0,4284,57426572,347976,39115576,0,0,0,60917,9615,19070,2,1,96,1,0
480,0,0,4284,56969104,347976,39559432,0,0,0,18,9871,18837,2,1,97,0,0
490,0,1,4284,56523572,347976,39984132,0,0,0,65654,10029,18595,2,1,95,1,0
500,1,0,4284,56044900,347976,40443248,0,0,0,79767,10641,20223,2,1,94,2,0
510,2,0,4284,55544076,347976,40926876,0,0,0,118,10193,19667,2,1,96,0,0
520,0,0,4284,55125104,347976,41361356,0,0,0,55488,9525,19124,2,1,96,1,0
530,1,1,4284,54672792,347976,41785200,0,0,0,57244,10404,19908,2,1,95,1,0
540,0,0,4284,54217104,347976,42219924,0,0,0,35126,9532,19476,2,1,96,1,0
550,0,0,4284,53757820,347976,42654304,0,0,0,49823,8730,17194,2,1,96,1,0
560,0,0,4284,53263640,347976,43100272,0,0,0,37594,10013,18646,2,1,96,1,0
570,0,0,4284,52868940,347976,43514472,0,0,0,58389,9339,19489,2,1,96,1,0
580,4,0,4284,52427212,347976,43942716,0,0,0,82,9575,19482,2,1,97,0,0
590,3,0,4284,51971052,347976,44394616,0,0,0,95874,10827,19516,2,1,94,2,0
600,1,1,4284,51523144,347976,44841216,0,0,0,30430,10129,19442,2,1,96,0,0
610,1,0,4284,51107356,347976,45233944,0,0,0,24377,8635,17444,2,1,96,1,0
620,1,0,4284,50635396,347976,45692164,0,0,0,72,9578,18843,2,1,97,0,0
630,2,0,4284,50160536,347976,46106856,0,0,0,122000,10491,17581,2,1,93,3,0
640,1,0,4284,49723848,347976,46506892,0,0,0,36278,9650,18284,2,1,96,1,0
650,2,0,4284,49376180,347976,46883708,0,0,1,173,8953,17214,2,1,97,0,0
660,2,0,4284,48871336,347976,47367396,0,0,0,28,9404,18876,2,1,97,0,0
670,0,0,4284,48351756,347976,47807916,0,0,2,144624,10953,24310,2,1,92,4,0
680,1,0,4284,47950796,347976,48233256,0,0,0,51014,9278,18431,2,1,96,1,0
690,0,0,4284,47526508,347976,48678756,0,0,0,92,9586,19513,2,1,97,0,0
700,0,0,4284,47099592,347976,49099508,0,0,0,71,9028,18792,2,1,97,0,0
710,2,1,4284,46643680,347976,49536628,0,0,0,59879,9652,18789,2,1,96,1,0
720,3,0,4284,46179276,347976,49995228,0,0,0,98171,11302,19675,2,1,94,3,0
730,0,0,4284,45675360,347976,50474072,0,0,0,22437,10126,19153,2,1,96,0,0
740,0,1,4284,45232532,347976,50907048,0,0,0,41292,9604,18964,2,1,96,1,0
750,3,0,4284,44790652,347976,51330224,0,0,0,1420,9356,18901,2,1,97,0,0
760,0,1,4284,44329112,347976,51763256,0,0,0,98774,10545,18434,2,1,95,2,0
770,3,0,4284,43798612,347976,52226596,0,0,0,23450,9517,20829,2,1,96,1,0
780,3,0,4284,43393376,347976,52667856,0,0,0,37383,10147,19481,2,1,96,1,0
790,3,0,4284,42971032,347976,53094620,0,0,0,37639,9080,18526,2,1,96,1,0
800,0,1,4284,42513380,347976,53544520,0,0,0,84470,9882,19157,2,1,95,2,0
810,0,0,4284,42001256,347976,53988548,0,0,0,37389,9994,20140,2,1,96,1,0
820,1,0,4284,41555900,347976,54471824,0,0,0,35281,10548,19586,2,1,96,1,0
830,2,0,4284,41110144,347976,54909940,0,0,0,32,9204,17649,2,1,97,0,0
840,0,1,4284,40634328,347976,55355580,0,0,0,118909,10098,18513,2,1,94,3,0
850,0,0,4284,40265908,347976,55731016,0,0,0,6519,8157,17249,2,1,97,0,0
860,1,0,4284,39745568,347976,56173048,0,0,0,37968,9384,17898,2,1,96,1,0
870,0,0,4284,39319244,347976,56639064,0,0,0,64,9756,19442,2,1,97,0,0
880,0,0,4284,38897344,347976,57050724,0,0,0,130890,10534,18567,2,1,93,3,0
890,0,0,4284,38430288,347976,57505784,0,0,0,37742,10778,19293,2,1,96,1,0
900,2,0,4284,37960928,347976,57954220,0,0,0,28,9122,18706,2,1,97,0,0
910,1,0,4284,37522508,347976,58399240,0,0,0,73,9701,18982,2,1,97,0,0
920,0,1,4284,37085984,347976,58809016,0,0,0,138008,9599,17367,2,1,93,3,0
930,3,0,4284,36557864,347976,59234080,0,0,0,39531,9405,17966,2,1,96,1,0
940,1,0,4284,36207140,347976,59616844,0,0,0,71,9037,18751,2,1,97,0,0
950,4,0,4284,35817256,347976,60048844,0,0,0,23,9105,18295,2,1,97,0,0
960,0,1,4284,35407036,347976,60410600,0,0,0,131212,8599,16425,2,1,94,3,0
970,3,0,4284,34992724,347976,60852596,0,0,0,17255,9447,18409,2,1,96,0,0
980,1,0,4284,34519924,347976,61298336,0,0,0,40,9183,18807,2,1,97,0,0
990,3,1,4284,34056564,347976,61766912,0,0,0,80112,10826,19337,2,1,95,2,0
1000,5,0,4284,33560184,347976,62182860,0,0,1,63187,9342,18738,2,1,95,1,0
1010,0,0,4284,33155080,347976,62629256,0,0,0,46,9405,18725,2,1,97,0,0
1020,3,1,4284,32724296,347976,63045176,0,0,0,40450,9543,18282,2,1,96,1,0
1030,1,1,4284,32203816,347976,63458600,0,0,0,81351,9403,20435,2,1,95,2,0
1040,0,0,4284,31810504,347976,63903520,0,0,0,20492,9145,18741,2,1,96,1,0
1050,0,0,4284,31402508,347976,64340816,0,0,0,31,9367,18790,2,1,97,0,0
1060,1,0,4284,30946512,347976,64772160,0,0,0,109748,11074,19569,2,1,93,3,0
1070,3,0,4284,30462116,347976,65251376,0,0,0,34102,10270,18882,2,1,96,0,0
1080,1,0,4284,30049544,347976,65645984,0,0,0,32,8939,18299,2,1,97,0,0
1090,2,1,4284,29593948,347976,66057520,0,0,0,92388,10263,18728,2,1,94,3,0
1100,0,0,4284,29169220,347976,66494372,0,0,0,48083,9896,19883,2,1,95,1,0
1110,0,0,4284,28728620,347976,66936944,0,0,0,29,9492,19471,2,1,97,0,0
1120,2,1,4284,28296432,347976,67371232,0,0,0,51100,9548,19501,2,1,96,1,0
1130,0,1,4284,27856936,347976,67741480,0,0,0,79665,8727,16666,2,1,95,2,0
1140,2,0,4284,27415024,347976,68186456,0,0,0,12955,9301,18721,2,1,96,0,0
1150,0,0,4284,26996016,347976,68617168,0,0,0,18,9658,18613,2,1,97,0,0
1160,0,0,4284,26523860,347976,69086320,0,0,0,108854,11627,20846,2,1,93,3,0
1170,2,0,4284,26040688,347976,69536640,0,0,0,38512,10001,18708,2,1,96,1,0
1180,0,0,4284,25633080,347976,69929408,0,0,0,71,8961,16845,2,1,97,0,0
1190,0,1,4284,25196696,347976,70343896,0,0,1,92369,10020,18994,2,1,94,2,0
1200,0,0,4284,24665372,347976,70828504,0,0,1,51094,10418,21098,2,1,95,1,0
1210,0,0,4284,24251884,347976,71303728,0,0,1,134,9956,18765,2,1,97,0,0
1220,0,1,4284,23831540,347976,71703152,0,0,0,39289,10084,17810,2,1,96,1,0
1230,5,0,4284,23344008,347976,72174464,0,0,0,77386,10652,18462,2,1,94,2,0
1240,0,0,4284,22860008,347976,72632760,0,0,0,39064,10071,19289,2,1,96,1,0
1250,1,0,4284,22441964,347976,73058112,0,0,0,44,9141,18345,2,1,97,0,0
1260,0,1,4284,21961644,347976,73500496,0,0,0,112243,10577,19461,2,1,93,3,0
1270,0,0,4284,21498596,347976,73955160,0,0,0,49621,10590,19905,2,1,95,1,0
1280,0,0,4284,21061392,347976,74386256,0,0,0,45,9543,19902,2,1,97,0,0
1290,0,0,4284,20652356,347976,74804304,0,0,0,16084,9023,19796,2,1,97,0,0
1300,3,1,4284,20184552,347976,75232688,0,0,0,107438,11819,18188,2,1,93,3,0
1310,1,0,4284,19719500,347976,75662480,0,0,0,39990,9477,18543,2,1,96,1,0
1320,0,0,4284,19344940,347976,76049088,0,0,0,30,8604,18038,2,1,97,0,0
1330,3,0,4284,18894344,347976,76494496,0,0,0,37159,9987,19875,2,1,96,0,0
1340,0,1,4284,18421088,347976,76948496,0,0,0,109164,10936,18732,2,1,93,3,0
1350,0,0,4284,17876808,347976,77431960,0,0,0,8596,10239,20210,2,1,96,0,0
1360,4,0,4284,17520372,347976,77840912,0,0,0,17438,9903,18842,2,1,97,0,0
1370,4,0,4284,17087908,347976,78254592,0,0,0,18813,9076,19215,2,1,97,0,0
1380,1,0,4284,16648916,347976,78690400,0,0,0,126289,10816,18581,2,1,93,3,0
1390,1,0,4284,16170320,347976,79134576,0,0,0,24702,10116,20274,2,1,96,0,0
1400,1,0,4284,15720088,347976,79566560,0,0,0,19222,9289,18281,2,1,96,0,0
1410,3,0,4284,15299544,347976,79987392,0,0,0,29,9136,18365,2,1,97,0,0
1420,1,0,4284,14841968,347976,80393608,0,0,0,114288,9373,17325,2,1,94,3,0
1430,0,0,4284,14406020,347976,80834736,0,0,0,35276,9985,19696,2,1,96,0,0
1440,0,0,4284,13976884,347976,81282544,0,0,0,34,9645,19157,2,1,97,0,0
1450,3,1,4284,13496860,347976,81737296,0,0,0,41662,9800,18940,2,1,96,1,0
1460,0,0,4284,12999280,347976,82175472,0,0,0,102446,10386,19063,2,1,94,3,0
1470,0,0,4284,12573952,347976,82624272,0,0,0,19844,9650,18751,2,1,96,0,0
1480,1,0,4284,12117792,347976,83071424,0,0,0,17862,9548,19245,2,1,96,0,0
1490,0,1,4284,11680952,347976,83509632,0,0,0,28360,9481,19136,2,1,96,0,0
1500,3,0,4284,11172300,347976,83947176,0,0,0,120418,11612,20291,2,1,93,4,0
1510,1,0,4284,10750320,347976,84394416,0,0,0,10548,9772,19329,2,1,97,0,0
1520,2,0,4284,10378404,347976,84786384,0,0,0,19570,8677,18168,2,1,97,0,0
1530,3,0,4284,9939180,347976,85204144,0,0,0,26696,9099,18344,2,1,97,0,0
1540,1,0,4284,9482040,347976,85639552,0,0,0,115364,11643,20030,2,1,93,4,0
1550,0,0,4284,9003556,347976,86094672,0,0,0,36672,9607,17857,2,1,96,1,0
1560,0,0,4284,8562132,347976,86544304,0,0,0,45,9263,18960,2,1,97,0,0
1570,0,1,4284,8110512,347976,86974096,0,0,0,11432,9313,18159,2,1,97,0,0
1580,0,1,4284,7670108,347976,87408064,0,0,0,87962,9560,17760,2,1,95,2,0
1590,1,0,4284,7217004,347980,87832104,0,0,0,65232,9748,18611,2,1,95,2,0
1600,4,0,4284,6775004,347980,88271536,0,0,0,70,8955,18543,2,1,97,0,0
1610,0,0,4284,6280952,347980,88683280,0,0,0,56640,9523,18022,2,1,96,1,0
1620,0,1,4284,5918836,347980,89070272,0,0,0,44319,8685,18266,2,1,96,1,0
1630,0,0,4284,5474248,347980,89478752,0,0,0,59233,9228,17270,2,1,95,2,0
1640,0,1,4284,5093168,347980,89916272,0,0,0,19990,9243,18500,2,1,96,0,0
1650,0,0,4284,4636528,347980,90320696,0,0,0,32900,9336,17570,2,1,96,1,0
1660,1,1,4284,4191804,347980,90768632,0,0,0,55957,10156,19443,2,1,96,1,0
1670,1,0,4284,3759948,347980,91196896,0,0,0,50725,10448,18717,2,1,95,2,0
1680,0,0,4284,3298244,347980,91599936,0,0,0,55181,9353,17680,2,1,96,1,0
1690,0,0,4284,2884760,347980,92019056,0,0,0,30,9122,19630,2,1,97,0,0
1700,0,2,4284,2472880,347980,92421536,0,0,0,62474,9430,19985,2,1,95,2,0
1710,2,0,4284,1951156,347980,92850104,0,0,0,79602,9813,20986,2,1,94,2,0
1720,0,0,4284,1563548,347980,93263096,0,0,1,11742,8877,18074,2,1,96,0,0
1730,0,0,4284,1214304,347980,93671984,0,0,0,166,8615,17095,2,1,97,0,0
1740,3,3,4284,768292,347980,94061856,0,0,0,76858,8709,17333,2,1,95,2,0
1750,0,1,4284,398780,347980,94446256,0,0,1,80535,8684,20928,2,1,94,3,0
1760,1,0,4284,328480,346688,94492832,0,0,32,613,9703,17544,2,1,97,0,0
1770,0,0,4284,319704,346688,94488208,0,0,0,36,9688,19080,2,1,97,0,0
1780,0,1,4284,345592,346688,94408432,0,0,0,91437,9770,16184,2,2,95,2,0
1790,1,0,4284,348324,346688,94427056,0,0,0,56420,8948,15477,2,1,95,1,0
1800,0,0,4284,390320,346688,94366816,0,0,0,166,8592,15768,2,2,97,0,0
1810,4,0,4284,332320,346688,94424176,0,0,0,15825,8422,15873,2,2,96,0,0
1820,2,0,4284,336648,346688,94395080,0,0,128,93737,9712,18446,2,2,94,2,0
1830,0,0,4284,333820,346688,94417792,0,0,0,52116,9058,17417,2,2,95,2,0
1840,1,0,4284,330964,346688,94419912,0,0,0,16943,8388,16487,2,1,96,0,0
1850,1,0,4284,344424,346688,94398848,0,0,90,69,7756,15793,2,1,97,0,0
1860,2,0,4284,337232,346688,94440384,0,0,102,31544,8303,15963,2,2,96,1,0
1870,2,0,4284,340916,346688,94425440,0,0,0,83385,8151,15557,2,2,94,2,0
1880,0,0,4284,348956,346688,94372768,0,0,0,15287,8617,17740,2,2,96,0,0
1890,1,0,4284,350496,346688,94383040,0,0,38,30394,7953,14526,2,1,96,0,0
1900,3,1,4284,342200,346688,94420240,0,0,64,53290,8809,15554,2,1,95,1,0
1910,2,0,4284,344544,346688,94405360,0,0,0,42823,8104,14690,2,2,95,1,0
1920,0,0,4284,316928,346688,94480000,0,0,2,27671,8200,16240,2,1,96,0,0
1930,2,0,4284,318844,346688,94436264,0,0,217,38,7518,15015,2,1,97,0,0
1940,3,1,4284,343156,346688,94425168,0,0,0,97868,9314,17625,2,1,94,2,0
1950,2,0,4284,373800,346688,94372600,0,0,3,3991,8464,16406,2,1,96,0,0
1960,3,0,4284,347096,346688,94388368,0,0,78,32865,8686,16201,2,2,95,1,0
1970,0,0,4284,310372,346688,94437496,0,0,102,42,8271,14945,2,2,97,0,0
1980,0,0,4284,337776,346688,94373488,0,0,0,106401,9537,15638,2,2,94,3,0
1990,2,0,4284,341816,346688,94418432,0,0,5,29080,8739,16116,2,1,96,1,0
2000,2,0,4284,322748,346688,94453032,0,0,10,40,8049,14308,2,1,97,0,0
2010,1,0,4284,327668,346688,94422440,0,0,25,30571,8508,15478,2,1,96,1,0
2020,0,0,4284,356360,346688,94402384,0,0,154,93405,9179,15101,2,1,94,3,0
2030,1,0,4284,364764,346688,94408240,0,0,118,2446,7816,13933,2,2,96,0,0
2040,0,0,4284,328860,346688,94448056,0,0,0,31150,9729,16143,2,2,95,1,0
2050,1,1,4284,337772,346688,94446784,0,0,1,30131,8681,16052,2,1,96,0,0
2060,2,0,4284,366096,346688,94378512,0,0,0,70791,10109,15472,2,2,94,2,0
2070,0,1,4284,318492,346688,94407344,0,0,86,5759,8811,16022,2,2,96,0,0
2080,1,0,4284,347880,346688,94408480,0,0,5,39109,9069,15781,2,1,96,1,0
2090,1,1,4284,346724,346688,94442096,0,0,166,56688,9144,16823,2,1,95,1,0
2100,3,0,4284,348036,346688,94422832,0,0,38,35002,8718,15631,2,1,96,1,0
2110,0,0,4284,332540,346688,94448512,0,0,204,43808,7851,14353,2,1,96,1,0
2120,0,0,4284,330628,346688,94450528,0,0,145,42,8234,15723,2,1,97,0,0
2130,4,0,4284,354036,346692,94422672,0,0,10,81945,8287,15155,2,1,95,2,0
2140,0,0,4284,345440,346692,94372536,0,0,0,27023,7606,13084,2,2,96,0,0
2150,5,0,4284,310688,346696,94430232,0,0,35,12462,7923,14717,2,2,96,0,0
2160,3,0,4284,347536,346696,94411056,0,0,0,37,8122,14909,2,1,97,0,0
2170,2,0,4284,336828,346696,94425760,0,0,206,105047,8763,16455,2,1,93,3,0
2180,3,1,4284,360776,346696,94426192,0,0,10,17775,8089,15667,2,1,97,0,0
2190,0,0,4284,362364,346696,94418544,0,0,10,33,8258,15525,2,1,97,0,0
2200,2,1,4284,314968,346696,94502304,0,0,142,34928,8761,16071,2,1,96,0,0
2210,0,0,4284,355124,346696,94452800,0,0,50,92261,8813,15580,2,1,94,3,0
2220,0,0,4284,362000,346696,94426240,0,0,38,11250,8660,15739,2,2,96,0,0
2230,0,0,4284,336940,346696,94425904,0,0,77,15527,8341,16088,2,2,96,0,0
2240,0,1,4284,320724,346696,94465072,0,0,223,47000,8271,15336,2,1,96,1,0
2250,0,1,4284,320156,346696,94443592,0,0,134,75922,8934,17628,2,2,94,2,0
2260,2,0,4284,319404,346696,94430248,0,0,330,1421,8812,15768,2,1,96,0,0
2270,0,0,4284,326724,346696,94448880,0,0,230,16804,8763,14931,2,1,97,0,0
2280,0,1,4284,322336,346696,94444816,0,0,10,76814,9452,14737,2,1,95,2,0
2290,2,0,4284,326108,346696,94420120,0,0,57,45518,8765,15764,2,1,96,1,0
2300,0,0,4284,330008,346696,94448592,0,0,257,13652,8201,14796,2,1,97,0,0
2310,0,0,4284,329752,346696,94409568,0,0,86,47,7691,14221,2,1,97,0,0
2320,2,0,4284,316160,346696,94441136,0,0,2,80809,10277,16142,2,2,94,2,0
2330,4,0,4284,321328,346696,94444200,0,0,255,46067,7513,15045,2,1,96,1,0
2340,3,0,4284,341136,346696,94410136,0,0,14,56,7633,14928,2,1,97,0,0
2350,1,0,4284,341092,346696,94384896,0,0,1,12373,7376,13738,2,1,97,0,0
2360,1,0,4284,329080,346696,94425152,0,0,346,72379,8949,16901,2,1,94,3,0
2370,1,0,4284,340880,346696,94417120,0,0,128,33173,8286,15730,2,1,96,1,0
2380,2,0,4284,323104,346696,94473920,0,0,4,12882,7395,13466,2,1,97,0,0
2390,1,1,4284,347072,346696,94440304,0,0,82,53240,8095,15274,2,1,96,1,0
2400,1,0,4284,318336,346696,94481968,0,0,12,59140,9201,18251,2,2,95,2,0
2410,0,0,4284,323072,346696,94457984,0,0,118,13746,7860,14770,2,1,97,0,0
2420,0,0,4284,322732,346696,94456432,0,0,90,12269,7313,14126,2,1,97,0,0
2430,2,0,4284,319284,346696,94448416,0,0,172,60598,8975,15630,2,2,95,2,0
2440,0,0,4284,345988,346696,94409576,0,0,117,46818,8662,15224,2,2,96,1,0
2450,0,0,4284,319688,346696,94436192,0,0,312,14018,8273,15604,2,1,96,1,0
2460,4,1,4284,319132,346696,94467176,0,0,278,14484,7804,14728,2,1,97,0,0
2470,3,1,4284,346136,346696,94419856,0,0,183,89768,9513,17084,2,2,94,2,0
2480,0,0,4284,354696,346696,94403424,0,0,0,14687,8292,15595,2,1,97,0,0
2490,0,0,4284,351896,346696,94415600,0,0,356,15344,7519,14526,2,1,97,0,0
2500,2,0,4284,388608,346696,94410024,0,0,63,41697,7781,17518,2,1,96,1,0
2510,0,1,4284,338572,346696,94446352,0,0,229,56060,7773,15011,2,1,96,1,0
2520,0,0,4284,328556,346696,94436416,0,0,153,5157,8301,15508,2,1,97,0,0
2530,1,0,4284,335684,346696,94412896,0,0,91,26510,8130,15393,2,1,97,0,0
2540,1,1,4284,332404,346696,94414432,0,0,181,68023,7995,14856,2,2,95,2,0
2550,0,0,4284,342360,346696,94378568,0,0,11,17859,8251,15356,2,1,96,1,0
2560,0,0,4284,351640,346696,94416912,0,0,24,25940,7770,15147,2,1,97,0,0
2570,1,0,4284,337632,346696,94442816,0,0,28,27704,8263,14880,2,1,96,0,0
2580,0,0,4284,347328,346696,94432144,0,0,64,63090,8048,14869,2,2,95,2,0
2590,2,0,4284,320276,346696,94456496,0,0,352,17679,8730,16147,2,1,97,0,0
2600,2,0,4284,316312,346696,94442448,0,0,368,45190,8702,16848,2,1,95,2,0
2610,3,1,4284,346936,346696,94404808,0,0,252,29470,8098,14955,2,2,96,1,0
2620,1,0,4284,368032,346696,94414624,0,0,141,46151,8946,16920,2,1,95,1,0
2630,2,0,4284,351872,346696,94435968,0,0,34,32216,7800,15082,2,1,96,1,0
2640,0,0,4284,349608,346696,94424096,0,0,369,29435,7046,13557,2,1,97,0,0
2650,0,0,4284,344024,346696,94421984,0,0,92,47159,7266,13779,2,2,96,1,0
2660,0,0,4284,357676,346696,94390368,0,0,320,27850,8793,15878,2,1,96,0,0
2670,0,0,4284,333116,346696,94419600,0,0,52,31502,8784,15160,2,2,96,0,0
2680,3,1,4284,324412,346696,94414224,0,0,27,48334,8392,15289,2,1,96,1,0
2690,0,0,4284,344496,346696,94403424,0,0,206,24878,7877,14087,2,1,96,0,0
2700,1,0,4284,327684,346696,94426240,0,0,235,30323,8467,14822,2,2,96,1,0
2710,3,0,4284,344468,346696,94396440,0,0,252,33165,8458,15300,2,1,96,1,0
2720,1,0,4284,331056,346696,94433760,0,0,8,61194,7932,15700,2,1,95,2,0
2730,2,0,4284,333988,346696,94438192,0,0,334,27208,8201,15472,2,2,96,0,0
2740,0,0,4284,312900,346696,94478832,0,0,360,13014,8239,16498,2,1,97,0,0
2750,1,2,4284,365600,346696,94419416,0,0,57,44418,7765,16779,2,1,96,1,0
2760,1,0,4284,327272,346696,94449552,0,0,52,45854,8605,16105,2,1,96,1,0
2770,1,0,4284,348944,346696,94402216,0,0,451,26978,8044,14702,2,2,96,0,0
2780,0,0,4284,316900,346696,94451472,0,0,32,14142,8102,16265,2,1,97,0,0
2790,3,0,4284,345308,346696,94446504,0,0,347,61896,8329,15857,2,1,96,1,0
2800,0,0,4284,333948,346696,94453968,0,0,0,27606,7087,14446,2,1,97,0,0
2810,0,0,4284,323388,346696,94474752,0,0,416,15473,8801,16532,2,1,96,1,0
2820,1,1,4284,321856,346696,94436856,0,0,86,43600,8238,16911,2,1,96,1,0
2830,1,0,4284,323456,346696,94441192,0,0,203,63351,8327,15122,2,1,95,2,0
2840,0,0,4284,327648,346696,94453592,0,0,70,14461,7971,14668,2,1,97,0,0
2850,0,0,4284,356772,346696,94427792,0,0,324,15862,8671,15367,2,1,97,0,0
2860,0,0,4284,340260,346696,94442248,0,0,357,76284,8245,14182,2,1,95,2,0
2870,0,0,4284,337392,346696,94461840,0,0,101,27714,7260,14139,2,1,97,0,0
2880,0,0,4284,335804,346696,94434064,0,0,70,13769,7124,14323,2,1,97,0,0
2890,1,1,4284,337740,346696,94416696,0,0,137,22148,8714,15516,2,1,97,0,0
2900,1,0,4284,321468,346696,94447112,0,0,158,63851,8323,14947,2,1,95,2,0
2910,2,0,4284,334868,346696,94455272,0,0,537,30144,8145,14932,2,1,97,1,0
2920,1,0,4284,326528,346696,94428960,0,0,164,18,7865,14654,2,1,97,0,0
2930,2,2,4284,339264,346696,94335904,0,0,59,86765,9974,15268,2,2,94,2,0
2940,2,0,4284,348052,346696,94373344,0,0,114,21022,7693,13719,2,1,96,1,0
2950,0,0,4284,345292,346696,94412832,0,0,66,14281,8577,15239,2,2,96,0,0
2960,0,0,4284,353880,346696,94374040,0,0,3,119,8700,15927,2,1,97,0,0
2970,0,0,4284,325536,346696,94391696,0,0,149,111744,9400,16485,2,2,93,3,0
2980,1,0,4284,319112,346696,94406640,0,0,219,27381,7786,14920,2,1,96,1,0
2990,1,0,4284,352156,346696,94347296,0,0,232,69,8968,16663,2,2,96,0,0
3000,1,1,4284,320824,346696,94404608,0,0,66,25128,7518,13534,2,1,96,0,0
3010,1,1,4284,326596,346696,94415176,0,0,271,80544,7708,14931,2,1,95,2,0
3020,1,0,4284,351584,346696,94424112,0,0,972,24559,7712,13551,2,1,96,1,0
3030,1,0,4284,328376,346696,94406000,0,0,159,96,8352,15647,2,1,97,0,0
3040,0,1,4284,351988,346696,94421840,0,0,472,54440,8597,17378,2,1,95,2,0
3050,0,0,4284,329332,346696,94419464,0,0,16,73142,8291,17530,2,2,94,2,0
3060,0,0,4284,325000,346696,94444480,0,0,551,36,8155,15965,2,1,97,0,0
3070,1,0,4284,340076,346696,94436216,0,0,153,23,7426,13837,2,1,97,0,0
3080,3,1,4284,357772,346696,94418032,0,0,269,84308,7930,13378,2,1,95,2,0
3090,1,0,4284,353332,346696,94414032,0,0,210,47264,7690,14264,2,1,96,1,0
3100,1,0,4284,316308,346696,94426368,0,0,102,22,7147,14650,2,1,97,0,0
3110,1,0,4284,346368,346696,94425552,0,0,464,22797,8439,16239,2,1,96,0,0
3120,1,1,4284,332352,346696,94440344,0,0,486,49832,7500,14079,2,1,96,1,0
3130,0,0,4284,310460,346696,94450464,0,0,289,38651,8612,17480,2,1,95,2,0
3140,1,0,4284,319540,346696,94431968,0,0,335,38,7563,14479,2,2,96,0,0
3150,2,0,4284,337464,346696,94412120,0,0,148,52466,8645,15801,2,2,96,1,0
3160,1,0,4284,324392,346696,94408976,0,0,168,72428,8234,16302,2,2,95,2,0
3170,0,0,4284,343108,346696,94415392,0,0,263,101,8546,15504,2,1,96,0,0
3180,0,1,4284,339116,346696,94449592,0,0,211,29016,7546,13699,2,1,97,0,0
3190,2,0,4284,349272,346696,94426840,0,0,468,28850,8362,15550,2,2,96,1,0
3200,3,0,4284,345160,346696,94431384,0,0,406,63975,7782,14280,2,1,95,2,0
3210,1,0,4284,335104,346696,94427984,0,0,400,40,7615,13937,2,1,97,0,0
3220,0,0,4284,319296,346696,94401240,0,0,507,50338,9617,15046,2,2,95,1,0
3230,0,1,4284,366336,346696,94433048,0,0,338,27021,7921,16165,2,1,96,0,0
3240,4,0,4284,358476,346696,94422992,0,0,238,36559,7378,15255,2,1,96,1,0
3250,2,1,4284,345452,346696,94439936,0,0,140,50749,6801,11414,1,1,96,1,0
3260,0,0,4284,353240,346696,94417312,0,0,566,6278,7799,14918,2,1,97,1,0
3270,0,0,4284,320084,346696,94418664,0,0,236,53126,7918,16004,2,1,95,1,0
3280,0,0,4284,318924,346696,94429648,0,0,417,10419,8077,15967,2,1,97,0,0
3290,3,0,4284,342688,346696,94407136,0,0,238,45607,8479,16198,2,1,96,1,0
3300,0,0,4284,323536,346696,94448560,0,0,324,27329,7422,14556,2,1,97,1,0
3310,0,0,4284,339376,346696,94408504,0,0,290,44317,7902,15119,2,2,95,1,0
3320,0,1,4284,327228,346696,94404656,0,0,116,13524,7221,13535,2,1,97,0,0
3330,0,0,4284,344668,346696,94408256,0,0,222,55904,7899,15144,2,1,95,2,0
3340,0,0,4284,362056,346696,94402944,0,0,263,38681,7764,14119,2,1,97,0,0
3350,1,0,4284,334492,346696,94469648,0,0,563,55,7459,14172,2,1,97,0,0
3360,0,0,4284,334176,346696,94443096,0,0,392,41133,7489,14146,2,1,96,1,0
3370,0,1,4284,319256,346696,94440984,0,0,90,61162,8231,16483,2,2,95,2,0
3380,2,0,4284,316012,346696,94466848,0,0,163,9790,7399,14503,2,1,96,1,0
3390,2,0,4284,345716,346696,94411448,0,0,422,18,8031,15146,2,2,97,0,0
3400,0,0,4284,341408,346696,94429360,0,0,186,70589,8476,13360,2,1,95,2,0
3410,0,0,4284,387460,346696,94403992,0,0,601,40828,8229,15266,2,1,96,1,0
3420,0,0,4284,367612,346696,94404352,0,0,364,20,6962,14029,2,1,97,0,0
3430,0,1,4284,349724,346696,94424696,0,0,247,38172,7292,12856,2,1,97,1,0
3440,1,1,4284,367312,346696,94403808,0,0,256,79145,8788,15079,2,2,95,2,0
3450,1,0,4284,361780,346696,94396304,0,0,460,1382,7904,15100,2,1,97,0,0
3460,5,0,4284,323932,346696,94419744,0,0,54,10,7759,13440,2,1,97,0,0
3470,1,1,4284,321764,346696,94443200,0,0,92,82381,8918,16685,2,1,95,2,0
3480,1,0,4284,374744,346696,94383616,0,0,244,41999,8052,14468,2,1,95,1,0
3490,0,0,4284,352984,346696,94388448,0,0,176,12,6888,13368,2,1,97,0,0
3500,0,0,4284,355924,346696,94430968,0,0,327,59,7341,14291,2,1,97,0,0
3510,1,0,4284,362932,346696,94387712,0,0,171,111560,7759,14619,2,2,94,3,0
3520,1,0,4284,353376,346696,94411280,0,0,200,3220,8326,15069,2,1,97,0,0
3530,0,0,4284,317780,346696,94431152,0,0,384,47,8515,16254,2,1,97,0,0
3540,0,0,4284,311688,346696,94438640,0,0,103,24,8096,14636,2,2,97,0,0
3550,1,0,4284,315572,346696,94430624,0,0,323,119280,8456,14507,2,1,94,3,0
3560,1,0,4284,342736,346696,94401600,0,0,176,38412,7792,14483,2,2,95,1,0
3570,2,0,4284,338644,346696,94423448,0,0,286,30,8606,18055,2,2,96,0,0
3580,4,1,4284,364712,346696,94379056,0,0,331,4009,7925,14294,2,1,97,0,0
3590,4,2,4284,384524,346696,94375560,0,0,242,88177,8247,15069,2,1,95,3,0
3600,0,0,4284,371368,346696,94412640,0,0,0,36666,7479,14759,2,1,96,1,0
3610,3,0,4284,366812,346696,94378896,0,0,73,25,8325,14588,2,2,97,0,0
3620,0,0,4284,346560,346696,94396192,0,0,499,12975,7782,14842,2,1,97,0,0
3630,1,1,4284,324364,346696,94422400,0,0,124,68190,7433,13670,2,2,95,2,0
3640,0,0,4284,342976,346696,94391888,0,0,314,35447,9242,15603,2,2,95,2,0
3650,0,0,4284,335376,346696,94407744,0,0,166,13474,7800,14428,2,2,96,0,0
3660,2,2,4284,353796,346696,94456384,0,0,318,39658,7779,14750,2,1,97,1,0
3670,0,0,4284,341476,346696,94425976,0,0,373,70116,8530,15655,2,2,94,3,0
3680,0,3,4284,351252,346696,94388848,0,0,441,15282,7773,13123,2,2,96,1,0
3690,1,0,4284,315196,346696,94434512,0,0,142,20,8222,15257,2,1,97,0,0
3700,5,0,4284,353808,346696,94382024,0,0,311,43134,8120,13863,2,2,96,1,0
3710,4,0,4284,346284,346696,94364744,0,0,288,68647,7830,13158,2,1,95,2,0
3720,1,0,4284,345600,346696,94399616,0,0,95,71,7183,13703,2,1,97,0,0
3730,2,0,4284,321440,346696,94452816,0,0,651,90,6548,13053,2,1,97,0,0
3740,2,1,4284,351844,346696,94433240,0,0,266,71044,7484,13071,2,1,95,2,0
3750,1,0,4284,332920,346696,94410832,0,0,407,39524,7285,13803,2,1,95,2,0
3760,0,0,4284,322620,346696,94414096,0,0,399,110,7446,14253,2,1,97,0,0
3770,0,0,4284,332880,346696,94403192,0,0,153,41436,6592,11977,1,1,97,1,0
3780,0,0,4284,319080,346696,94420960,0,0,205,72085,8248,16267,2,2,95,2,0
3790,0,0,4284,350360,346696,94424016,0,0,152,54,7450,14533,2,1,97,0,0
3800,0,0,4284,321824,346696,94378640,0,0,262,44,7866,14649,2,2,96,0,0
3810,1,0,4284,336668,346696,94331880,0,0,90,45453,7837,14403,2,1,96,1,0
3820,0,0,4284,320452,346696,94401104,0,0,178,79441,8159,15005,2,1,95,2,0
3830,0,0,4284,329096,346696,94397536,0,0,152,4224,7388,13657,2,1,97,0,0
3840,0,0,4284,356800,346696,94368512,0,0,26,19,6625,12248,2,1,97,0,0
3850,0,2,4284,357964,346696,94418576,0,0,290,76170,7281,13570,2,1,95,2,0
3860,0,0,4284,330316,346696,94417744,0,0,20,35209,7197,15365,2,1,96,1,0
3870,4,0,4284,344356,346696,94390944,0,0,449,32,6498,11569,1,1,97,0,0
3880,3,0,4284,342412,346696,94428576,0,0,527,35110,8141,14240,2,1,96,1,0
3890,2,1,4284,375876,346700,94406096,0,0,121,55845,7429,14625,2,1,96,1,0
3900,1,0,4284,349780,346700,94417808,0,0,396,10794,8617,15007,2,2,96,0,0
3910,3,0,4284,328036,346700,94441424,0,0,420,15929,7330,13726,2,1,97,0,0
3920,1,0,4284,341572,346700,94406592,0,0,121,72692,7688,15190,2,1,95,2,0
3930,0,0,4284,342312,346700,94459040,0,0,197,30249,7021,14223,2,1,96,1,0
3940,0,0,4284,349360,346700,94385200,0,0,99,12538,8274,14124,2,2,96,0,0
3950,2,0,4284,340956,346700,94392136,0,0,336,33386,8163,14048,2,1,96,1,0
3960,0,0,4284,317912,346700,94440720,0,0,424,40694,7603,14199,2,1,96,1,0
3970,0,0,4284,349900,346700,94402280,0,0,401,40606,7511,13891,2,1,97,1,0
3980,0,0,4284,336892,346700,94403568,0,0,104,39,8032,15548,2,1,97,0,0
3990,0,1,4284,323156,346700,94418056,0,0,300,63198,8491,14635,2,1,95,1,0
4000,0,0,4284,342876,346700,94457280,0,0,268,52230,7108,14133,2,1,95,2,0
4010,0,0,4284,342376,346700,94409488,0,0,225,43,7388,13541,2,1,97,0,0
4020,0,0,4284,335492,346700,94416560,0,0,278,23466,7475,13973,2,1,97,0,0
4030,1,0,4284,323516,346700,94457360,0,0,239,42706,7608,14065,2,1,96,1,0
4040,8,0,4284,321196,346700,94442432,0,0,92,43285,7787,16423,2,2,95,2,0
4050,2,0,4284,339088,346700,94402128,0,0,80,23205,7238,13049,2,2,96,0,0
4060,2,1,4284,346848,346700,94386896,0,0,184,11744,7766,14377,2,1,97,0,0
4070,0,1,4284,354552,346700,94361648,0,0,520,76547,8071,13878,2,2,94,2,0
4080,1,0,4284,320820,346700,94433288,0,0,267,25890,8200,14260,2,1,96,1,0
4090,0,0,4284,323284,346700,94381280,0,0,324,44,8059,14506,2,1,97,0,0
4100,0,0,4284,325592,346700,94395912,0,0,362,52911,8295,15835,2,1,96,2,0
4110,3,1,4284,343492,346700,94404512,0,0,587,32297,7528,13851,2,1,96,1,0
4120,0,0,4284,327348,346700,94400904,0,0,60,30659,7667,13585,2,1,96,1,0
4130,0,2,4284,328716,346700,94369600,0,0,164,36194,8437,15000,2,1,96,1,0
4140,0,0,4284,343280,346700,94382960,0,0,279,13670,8013,14151,2,1,97,0,0
4150,1,0,4284,351500,346700,94408056,0,0,289,55879,8454,15637,2,1,95,2,0
4160,0,0,4284,319224,346700,94466160,0,0,382,31,7086,14721,2,1,97,0,0
4170,0,0,4284,331904,346696,94407984,0,0,130,59210,8219,16262,2,1,95,1,0
4180,1,1,4284,337604,346696,94415104,0,0,294,56727,7955,15761,2,1,95,2,0
4190,1,0,4284,322832,346696,94441744,0,0,288,1625,7658,14803,2,1,97,0,0
4200,0,0,4284,311680,346696,94443872,0,0,346,13367,7878,14608,2,1,97,0,0
4210,0,0,4284,347636,346696,94368288,0,0,208,41880,8362,13868,2,2,95,2,0
4220,0,0,4284,320076,346696,94433328,0,0,308,64630,7715,14906,2,1,95,2,0
4230,1,0,4284,329160,346696,94447760,0,0,434,12854,7055,15054,2,1,97,0,0
4240,0,0,4284,344612,346696,94398576,0,0,306,37394,8364,15089,2,1,96,1,0
4250,1,1,4284,353636,346696,94411240,0,0,545,25394,7384,14291,2,1,97,0,0
4260,1,0,4284,321132,346696,94453168,0,0,453,33937,7773,14704,2,1,96,1,0
4270,1,3,4284,316480,346696,94428272,0,0,288,48100,8031,15509,2,1,96,1,0
4280,4,0,4284,346204,346696,94420288,0,0,360,12372,6898,14405,2,1,96,1,0
4290,1,0,4284,338124,346696,94413760,0,0,648,58656,7916,14676,2,1,96,1,0
4300,2,0,4284,328660,346696,94361520,0,0,481,11799,8576,16025,2,1,97,0,0
4310,1,0,4284,322208,346696,94394984,0,0,196,41997,8714,15099,2,1,96,1,0
4320,13,0,4284,339136,346696,94386424,0,0,601,13010,7896,15119,2,1,97,0,0
4330,3,0,4284,351128,346696,94392016,0,0,353,61426,7849,15062,2,1,95,2,0
4340,0,0,4284,350172,346700,94442256,0,0,336,37669,7245,13646,2,1,96,1,0
4350,1,0,4284,349588,346700,94450272,0,0,335,13225,7144,14248,2,1,97,0,0
4360,1,2,4284,333216,346700,94448176,0,0,152,31783,7811,14895,2,1,96,1,0
4370,0,0,4284,339928,346700,94459056,0,0,559,22444,6979,12986,2,1,97,1,0
4380,2,0,4284,333556,346700,94419376,0,0,580,52329,7421,14114,2,1,96,1,0
4390,0,0,4284,394144,346700,94381840,0,0,98,36,6954,13631,2,1,97,0,0
4400,3,0,4284,321756,346700,94433464,0,0,384,47854,7367,14367,2,1,95,2,0
4410,1,0,4284,314776,346700,94419248,0,0,447,40810,7340,12429,2,1,97,1,0
4420,0,0,4284,345712,346700,94450048,0,0,294,13356,6876,12960,1,1,97,0,0
4430,0,2,4284,333500,346700,94469024,0,0,321,31934,6821,13176,2,1,97,0,0
4440,0,0,4284,321600,346700,94446576,0,0,550,19822,6697,13010,1,1,96,1,0
4450,0,0,4284,340080,346700,94387896,0,0,285,48363,7001,12315,2,1,96,1,0
4460,0,0,4284,319732,346700,94412032,0,0,340,35,7163,12587,2,1,97,0,0
4470,0,0,4284,327128,346700,94404624,0,0,2,50636,7011,12321,1,1,96,1,0
4480,0,2,4284,343836,346700,94397608,0,0,238,54020,7562,14169,2,1,96,1,0
4490,0,0,4284,321156,346700,94401168,0,0,308,208,6341,11381,1,1,97,0,0
4500,1,1,4284,338944,346700,94389336,0,0,423,13054,7506,14608,2,1,97,0,0
4510,1,0,4284,352228,346700,94419880,0,0,183,48134,6320,11469,1,1,96,1,0
4520,3,0,4284,345552,346700,94383808,0,0,447,40197,7600,14682,2,1,95,1,0
4530,0,0,4284,337200,346700,94361288,0,0,205,39,7280,13210,2,1,97,0,0
4540,1,2,4284,331208,346700,94403040,0,0,174,62039,7014,11756,1,1,95,2,0
4550,0,0,4284,340416,346700,94420304,0,0,420,40121,7012,14850,2,1,95,2,0
4560,0,0,4284,334920,346700,94403088,0,0,37,38,7114,13209,2,1,97,0,0
4570,1,1,4284,346900,346704,94417152,0,0,313,43457,7525,13189,2,1,96,1,0
4580,1,0,4284,313828,346704,94460480,0,0,388,17582,6286,12869,1,1,97,0,0
4590,0,0,4284,316508,346704,94411480,0,0,364,42087,6494,11668,1,1,96,2,0
4600,0,0,4284,327404,346704,94402688,0,0,254,22290,7095,13365,2,1,97,0,0
4610,0,0,4284,363720,346708,94399864,0,0,268,25250,7369,13412,2,1,97,0,0
4620,1,0,4284,364264,346708,94385664,0,0,334,51067,6738,13110,2,1,95,2,0
4630,0,0,4284,349780,346708,94409144,0,0,288,54,5846,11492,1,1,98,0,0
4640,0,1,4284,348296,346708,94366160,0,0,654,52894,7735,13786,2,1,96,1,0
4650,0,0,4284,334952,346708,94381472,0,0,578,12819,8198,15673,2,1,97,0,0
4660,2,1,4284,333288,346712,94425024,0,0,262,36860,6246,11685,1,1,97,1,0
4670,4,0,4284,345464,346712,94398944,0,0,415,26881,6924,15351,2,1,96,1,0
4680,2,0,4284,341288,346712,94376064,0,0,342,28651,7182,13711,2,1,97,1,0
4690,0,0,4284,348680,346712,94394096,0,0,85,54833,7394,13862,2,2,96,1,0
4700,0,0,4284,348516,346712,94379008,0,0,223,20,6837,13270,2,1,97,0,0
4710,4,0,4284,324040,346712,94403184,0,0,394,53880,6978,13104,2,1,96,1,0
4720,2,1,4284,314544,346712,94447872,0,0,164,25154,6391,12494,2,1,97,0,0
4730,1,0,4284,329072,346716,94409840,0,0,224,23857,6086,12270,1,1,96,1,0
4740,1,0,4284,333144,346716,94427664,0,0,303,23746,6089,12427,1,1,97,0,0
4750,2,0,4284,355768,346716,94384552,0,0,454,35110,6659,11597,1,1,96,1,0
4760,0,0,4284,346048,346716,94381240,0,0,150,32610,7660,13746,2,1,96,1,0
4770,0,0,4284,314932,346716,94470056,0,0,605,14,6290,11922,1,1,97,0,0
4780,0,0,4284,337816,346720,94425152,0,0,91,48884,6119,11726,1,1,97,1,0
4790,0,1,4284,351716,346720,94390240,0,0,730,43267,7722,14358,2,2,95,1,0
4800,0,0,4284,331584,346720,94416576,0,0,199,21,6665,13142,2,1,97,0,0
4810,0,1,4284,317996,346720,94418888,0,0,216,29075,7269,13530,2,1,97,0,0
4820,0,0,4284,319876,346720,94434296,0,0,125,37145,6514,11926,1,2,96,1,0
4830,1,0,4284,351332,346720,94393440,0,0,331,38477,7409,14217,2,2,95,1,0
4840,1,2,4284,342760,346720,94425472,0,0,524,17570,7150,14674,2,1,97,0,0
4850,0,0,4284,376976,346720,94394816,0,0,964,48560,7933,16773,2,1,95,2,0
4860,1,0,4284,350116,346720,94389168,0,0,549,38056,7580,13688,2,1,96,1,0
4870,1,0,4284,318168,346720,94443768,0,0,144,28,7160,12877,2,1,97,0,0
4880,1,0,4284,318692,346720,94410720,0,0,114,65470,7758,14089,2,1,95,2,0
4890,1,0,4284,334480,346720,94396664,0,0,253,23203,6618,11456,1,1,97,1,0
4900,1,0,4284,352124,346720,94399728,0,0,290,12247,7089,13096,2,2,97,0,0
4910,1,0,4284,348544,346720,94362128,0,0,154,18,7099,13391,2,1,97,0,0
4920,0,0,4284,349292,346724,94384952,0,0,116,89788,7157,14318,1,1,94,3,0
4930,0,0,4284,353452,346720,94406992,0,0,70,13688,5992,11333,1,1,98,0,0
4940,1,0,4284,352032,346720,94387904,0,0,407,14,6206,12294,1,1,97,0,0
4950,0,2,4284,339512,346720,94383224,0,0,63,48489,8353,12319,2,2,96,1,0
4960,2,0,4284,341916,346720,94405360,0,0,268,46422,6658,12673,1,1,95,2,0
4970,0,0,4284,321412,346720,94425256,0,0,36,14,6100,10928,1,1,97,0,0
4980,1,0,4284,336616,346720,94407072,0,0,345,35,6561,12405,1,1,97,0,0
4990,0,0,4284,336876,346724,94423264,0,0,421,93325,8468,14701,2,1,94,3,0
5000,1,0,4284,342848,346724,94409104,0,0,118,1620,7354,13435,2,1,97,0,0
5010,0,0,4284,340612,346724,94410584,0,0,695,42,6910,12320,1,1,97,0,0
5020,3,2,4284,330436,346740,94423680,0,0,469,33851,6782,11545,1,1,97,1,0
5030,0,0,4284,340596,346740,94428696,0,0,401,72241,7494,13042,2,1,95,3,0
5041,1,0,4284,346632,346740,94377280,0,0,262,1871,6837,13342,2,1,97,0,0
5051,1,0,4284,342900,346740,94397968,0,0,575,26,7836,13254,2,1,97,0,0
5061,4,1,4284,358580,346744,94401432,0,0,176,83708,7222,12774,2,1,96,2,0
5071,0,0,4284,358992,346744,94404840,0,0,723,25287,6213,10921,1,1,96,2,0
5081,2,0,4284,343620,346744,94447704,0,0,213,26,5785,10497,1,1,98,0,0
5091,0,0,4284,383216,346744,94383768,0,0,177,9214,6792,13269,2,1,97,0,0
5101,1,0,4284,372040,346744,94369528,0,0,98,72376,5958,10308,1,1,96,2,0
5111,0,0,4284,334588,346744,94393880,0,0,91,11346,5941,11370,1,1,97,0,0
5121,0,0,4284,336492,346744,94421376,0,0,297,11417,6805,12253,1,1,97,0,0
5131,0,1,4284,320252,346744,94426816,0,0,281,46951,7257,12797,1,1,96,1,0
5141,1,0,4284,332828,346744,94427440,0,0,301,28088,6042,11085,1,1,96,1,0
5151,2,0,4284,341984,346744,94420384,0,0,738,12,6861,13962,2,1,98,0,0
5161,0,0,4284,332236,346744,94420000,0,0,221,13322,5736,10403,1,1,98,0,0
5171,4,0,4284,322964,346744,94435120,0,0,560,68332,6708,12224,1,1,95,3,0
5181,0,1,4284,340888,346744,94426736,0,0,39,12160,5436,10087,1,1,98,0,0
5191,0,0,4284,348076,346744,94431040,0,0,396,9919,6210,10699,1,1,98,0,0
5201,0,2,4284,322816,346744,94395408,0,0,345,55261,7480,12573,2,2,95,2,0
5211,0,0,4284,337092,346748,94399432,0,0,169,20230,6637,13051,1,1,97,0,0
5221,0,0,4284,358140,346748,94413312,0,0,153,12,6136,10831,1,1,98,0,0
5231,2,0,4284,367376,346748,94401440,0,0,536,12586,6260,12228,1,1,97,0,0
5241,0,0,4284,377336,346748,94358672,0,0,197,81218,6153,11299,1,1,95,2,0
5251,0,0,4284,326304,346748,94426776,0,0,156,2411,6781,12742,2,1,97,0,0
5261,3,0,4284,351468,346748,94414968,0,0,209,9534,6144,11649,1,1,97,0,0
5271,0,1,4284,356140,346748,94398944,0,0,261,66158,6650,12119,1,1,96,2,0
5281,1,0,4284,325912,346748,94415280,0,0,264,16998,5473,10416,1,1,97,1,0
5291,0,0,4284,348280,346748,94393696,0,0,202,11571,7180,13178,2,1,97,0,0
5301,0,0,4284,334760,346748,94431792,0,0,221,34,6321,12224,1,1,97,0,0
5311,0,2,4284,316160,346748,94423224,0,0,342,68986,7215,13834,2,2,95,2,0
5321,0,0,4284,325716,346748,94424392,0,0,256,11083,6087,11453,1,1,97,0,0
5331,0,0,4284,346536,346748,94411648,0,0,96,12824,6318,11953,1,1,97,0,0
5341,0,1,4284,343592,346748,94416448,0,0,284,67278,6816,11424,1,1,95,2,0
5351,1,0,4284,324904,346748,94430856,0,0,193,20027,6223,12881,1,1,97,0,0
5361,0,0,4284,376852,346748,94384104,0,0,241,9517,6277,11442,1,1,97,1,0
5371,1,0,4284,337500,346748,94414536,0,0,324,25,6195,11651,1,1,97,0,0
5381,0,0,4284,333756,346748,94393912,0,0,414,66276,7308,15348,2,1,95,2,0
5391,1,0,4284,317340,346748,94436552,0,0,124,11185,6440,12463,1,1,98,0,0
5401,0,0,4284,353688,346748,94415464,0,0,120,11662,6184,11166,1,1,97,0,0
5411,0,0,4284,326260,346748,94455968,0,0,436,68369,5810,10980,1,1,96,2,0
5421,2,0,4284,321732,346748,94471520,0,0,243,9971,6254,10985,1,1,98,0,0
5431,1,0,4284,331908,346748,94430432,0,0,509,11197,6033,10767,1,1,97,0,0
5441,1,1,4284,343220,346748,94386832,0,0,138,11288,6503,12290,1,1,97,0,0
5451,0,0,4284,324344,346748,94416936,0,0,230,65143,6258,10535,1,2,95,2,0
5461,0,0,4284,360156,346748,94364800,0,0,192,10778,6866,13075,2,2,97,0,0
5471,1,0,4284,355108,346748,94324720,0,0,108,42,6680,11862,1,2,97,0,0
5481,0,1,4284,328924,346748,94418448,0,0,168,77990,6162,12019,1,1,95,2,0
5491,4,0,4284,337964,346748,94389360,0,0,192,4141,6841,13005,1,2,97,0,0
5501,0,0,4284,322636,346748,94411144,0,0,304,8472,6885,13680,2,1,97,0,0
5511,1,0,4284,310412,346748,94427840,0,0,533,25,6625,12072,1,1,98,0,0
5521,0,0,4284,344488,346748,94388872,0,0,218,83314,6914,11577,1,1,94,3,0
5531,0,0,4284,327672,346748,94414448,0,0,214,10183,6602,11979,1,2,97,0,0
5541,0,0,4284,315136,346748,94440464,0,0,422,82,6232,12576,1,1,97,0,0
5551,2,0,4284,321848,346748,94438992,0,0,459,61230,6534,12185,1,1,96,2,0
5561,0,0,4284,353956,346748,94380384,0,0,471,34122,6883,11414,1,1,96,1,0
5571,0,0,4284,342692,346748,94405184,0,0,468,23,6542,12477,1,1,97,0,0
5581,2,0,4284,333336,346748,94418384,0,0,151,24446,6804,12578,1,1,97,0,0
5591,1,0,4284,328592,346748,94413488,0,0,334,59288,7788,14754,2,2,95,2,0
5601,0,0,4284,346112,346748,94404224,0,0,81,11405,6079,11639,1,1,97,0,0
5611,0,0,4284,320616,346748,94429568,0,0,464,11421,5738,10954,1,1,98,0,0
5621,3,2,4284,325920,346748,94417424,0,0,288,45313,6784,12871,1,1,96,1,0
5631,1,0,4284,345464,346748,94415712,0,0,534,37962,7464,14806,2,1,96,1,0
5641,3,0,4284,322084,346748,94393016,0,0,104,23,6833,13516,2,1,97,0,0
5651,1,0,4284,333028,346748,94408816,0,0,276,24766,6551,12201,1,1,97,1,0
5661,1,0,4284,359620,346748,94383952,0,0,780,76561,7343,12438,1,2,94,3,0
5671,2,1,4284,336416,346748,94415040,0,0,545,1570,6461,10996,1,1,97,0,0
5681,0,0,4284,329384,346748,94430336,0,0,99,18678,5794,11161,1,1,98,0,0
5691,1,1,4284,366596,346748,94386848,0,0,296,28500,6754,11332,1,1,97,1,0
5701,0,0,4284,349648,346748,94411168,0,0,386,36469,6112,10919,1,1,96,1,0
5711,3,0,4284,365212,346748,94395144,0,0,506,12383,5812,11516,1,1,97,0,0
5721,3,0,4284,366640,346748,94359344,0,0,203,10194,5976,11065,1,1,97,0,0
5731,1,0,4284,359584,346748,94327256,0,0,170,57015,6526,11846,1,2,96,1,0
5741,0,0,4284,336516,346748,94402336,0,0,399,10697,5363,9993,1,1,98,0,0
5751,1,0,4284,343132,346748,94418008,0,0,360,21793,6272,11675,1,1,97,0,0
5761,0,1,4284,324544,346748,94434688,0,0,191,49742,6279,11462,1,1,97,1,0
5771,0,0,4284,375436,346748,94409336,0,0,464,11723,6569,11475,1,1,97,0,0
5781,2,0,4284,338032,346748,94413664,0,0,220,11021,6419,11069,1,1,97,0,0
5791,1,0,4284,361180,346748,94402832,0,0,276,11728,7503,12999,2,1,97,0,0
5801,0,0,4284,372856,346748,94408432,0,0,290,71270,6232,12875,1,1,95,2,0
5811,0,1,4284,352204,346748,94413296,0,0,595,11825,6928,12990,2,1,97,0,0
5821,1,1,4284,329056,346748,94430928,0,0,376,11239,6408,11818,1,1,97,1,0
5831,1,0,4284,392872,346748,94360240,0,0,229,56489,6833,12169,1,1,95,2,0
5841,0,0,4284,373816,346748,94358280,0,0,416,14072,6757,13103,2,1,97,0,0
5851,0,2,4284,335612,346748,94388256,0,0,386,24257,6687,12402,1,1,97,0,0
5861,2,0,4284,381864,346748,94393576,0,0,280,11373,6194,11605,1,1,97,0,0
5871,1,0,4284,332796,346748,94368800,0,0,474,54326,7123,13500,2,2,96,1,0
5881,1,0,4284,331864,346748,94442552,0,0,304,9519,5600,9780,1,1,98,0,0
5891,1,0,4284,350668,346748,94404280,0,0,422,20174,5936,10982,1,1,98,0,0
5901,0,0,4284,334108,346748,94418768,0,0,360,43453,6265,11466,1,1,96,2,0
5911,1,0,4284,333724,346748,94431280,0,0,424,11378,6018,11428,1,1,98,0,0
5921,3,0,4284,348304,346748,94409056,0,0,166,20906,6564,12159,1,1,97,0,0
5931,4,0,4284,350556,346748,94375280,0,0,559,53928,7412,13251,2,1,96,1,0
5941,2,0,4284,320864,346748,94431712,0,0,140,12948,6102,11744,1,1,97,0,0
5951,2,0,4284,342396,346748,94406880,0,0,551,11938,6370,12111,1,1,97,0,0
5961,0,1,4284,336616,346748,94382112,0,0,399,21758,6394,11690,1,1,97,0,0
5971,1,0,4284,352748,346748,94407616,0,0,136,58612,6844,11681,1,1,96,1,0
5981,0,0,4284,321984,346748,94418192,0,0,678,10713,7386,14510,2,1,97,0,0
5991,0,0,4284,333284,346748,94424192,0,0,150,23637,6622,12438,2,1,97,0,0
6001,0,0,4284,342176,346748,94415288,0,0,234,48373,6570,12756,1,1,96,2,0
6011,0,0,4284,321896,346748,94413936,0,0,640,12780,6118,11893,1,2,97,0,0
6021,0,0,4284,364088,346748,94408600,0,0,425,23931,6298,12718,1,1,97,0,0
6031,1,1,4284,354488,346748,94383072,0,0,497,49192,6856,12242,1,1,96,1,0
6041,2,0,4284,364796,346748,94344992,0,0,168,17581,6929,12803,2,2,96,1,0
6051,2,1,4284,326196,346748,94400032,0,0,286,12057,6087,10974,1,1,97,0,0
6061,0,0,4284,330464,346748,94421744,0,0,252,23681,6024,11557,1,2,96,1,0
6071,0,0,4284,346356,346748,94405792,0,0,253,53448,6404,11971,1,2,96,1,0
6081,1,0,4284,372396,346748,94354632,0,0,327,11690,6721,11825,1,1,97,0,0
6091,1,0,4284,331884,346748,94401712,0,0,95,22193,6500,11630,1,1,97,0,0
6101,0,0,4284,333904,346748,94411024,0,0,397,45108,6529,12037,1,1,96,1,0
6111,1,0,4284,321440,346748,94421056,0,0,185,13329,5869,10543,1,1,97,0,0
6121,0,0,4284,332232,346748,94418128,0,0,560,19172,6776,12516,1,1,97,0,0
6131,0,1,4284,355224,346748,94397576,0,0,395,47060,5821,10922,1,1,96,1,0
6141,1,0,4284,347124,346748,94407200,0,0,619,17034,6101,10575,1,1,97,1,0
6151,0,1,4284,321236,346748,94397712,0,0,230,9613,6562,12484,2,1,97,0,0
6161,0,0,4284,333856,346748,94386496,0,0,169,22619,6884,13887,2,1,97,0,0
6171,3,2,4284,353868,346748,94361760,0,0,434,59684,6821,11241,1,1,96,2,0
6181,1,0,4284,346268,346748,94396416,0,0,466,11290,6679,12487,1,1,97,0,0
6191,2,1,4284,325516,346748,94436736,0,0,337,20560,6066,11375,1,1,97,0,0
6201,0,0,4284,337264,346748,94421504,0,0,86,49652,6925,12803,2,1,96,1,0
6211,2,0,4284,367972,346748,94364328,0,0,363,11700,6961,11933,1,2,97,0,0
6221,0,0,4284,332464,346748,94396960,0,0,496,19708,6840,13532,2,1,97,0,0
6231,0,1,4284,324300,346748,94383624,0,0,416,35162,6711,11964,2,2,96,1,0
6241,0,0,4284,352760,346748,94370152,0,0,386,36388,6959,12322,1,1,96,1,0
6251,1,0,4284,324132,346748,94410176,0,0,266,10012,6795,12751,2,1,97,0,0
6261,0,0,4284,351016,346748,94357120,0,0,318,23197,6882,11468,1,1,97,0,0
6271,1,0,4284,354636,346748,94372232,0,0,383,51498,7014,12827,1,2,96,1,0
6281,0,0,4284,330804,346748,94372440,0,0,197,12336,6668,12473,1,2,97,0,0
6291,1,0,4284,351504,346748,94336960,0,0,376,25453,7291,13118,2,2,96,0,0
6301,0,2,4284,327460,346748,94374232,0,0,504,58538,7242,13734,2,2,95,2,0
6311,1,0,4284,368416,346748,94354896,0,0,271,13462,6560,11306,1,1,97,0,0
6321,1,0,4284,342356,346748,94382440,0,0,480,12836,7512,13901,2,2,96,1,0
6331,3,0,4284,321528,346748,94393704,0,0,321,25216,6540,11550,1,2,96,1,0
6341,5,0,4284,325344,346748,94408816,0,0,876,65644,7120,12801,2,1,95,3,0
6351,0,0,4284,328860,346748,94442392,0,0,271,12431,7132,13709,2,1,97,0,0
6361,1,0,4284,321944,346748,94401968,0,0,174,22152,5710,11559,1,1,97,0,0
6371,2,1,4284,344464,346748,94366896,0,0,199,45615,7837,13880,2,2,96,1,0
6381,1,0,4284,327872,346748,94418992,0,0,666,16396,7171,13077,2,1,97,1,0
6391,1,0,4284,322556,346748,94436416,0,0,199,22588,7121,12874,2,1,97,0,0
6401,1,0,4284,344048,346748,94406992,0,0,243,12624,6627,12870,1,1,97,0,0
6411,2,0,4284,356040,346748,94375424,0,0,43,62534,6024,12475,1,1,95,2,0
6421,1,0,4284,340632,346748,94316000,0,0,266,11299,7523,14534,2,2,97,0,0
6431,1,0,4284,354644,346748,94357960,0,0,717,23352,6244,11174,1,1,97,1,0
6441,0,2,4284,375200,346748,94375312,0,0,457,48317,6400,12713,1,1,96,2,0
6451,2,0,4284,335000,346748,94422736,0,0,408,25538,6681,14380,2,1,96,1,0
6461,1,0,4284,333324,346748,94378000,0,0,396,11242,7165,12906,1,1,97,0,0
6471,1,0,4284,357460,346748,94381216,0,0,426,11309,6409,11686,1,1,97,0,0
6481,0,0,4284,337812,346748,94389680,0,0,638,57733,6475,11635,1,1,96,2,0
6491,1,1,4284,340804,346748,94418752,0,0,462,23079,6200,11290,1,1,97,0,0
6501,1,0,4284,320508,346748,94418784,0,0,526,13116,7092,13304,2,1,97,0,0
6511,0,0,4284,353200,346748,94363216,0,0,312,54589,6836,11882,1,1,96,1,0
6521,0,0,4284,347948,346748,94368368,0,0,507,19798,6152,11217,1,1,97,0,0
6531,0,0,4284,342784,346748,94404984,0,0,372,10905,6411,13212,1,1,97,0,0
6541,0,1,4284,320308,346748,94410176,0,0,218,26443,6477,12551,1,1,97,0,0
6551,0,0,4284,314720,346748,94412112,0,0,243,40194,6015,10536,1,1,96,1,0
6561,1,0,4284,334432,346748,94412256,0,0,95,10260,5885,10427,1,1,98,0,0
6571,0,0,4284,352668,346748,94385904,0,0,223,9733,7113,13726,2,1,97,0,0
6581,0,0,4284,351088,346748,94409848,0,0,363,59189,6403,12203,1,1,96,2,0
6591,1,0,4284,347612,346748,94395816,0,0,39,22142,6466,11960,1,1,97,0,0
6601,2,0,4284,371888,346748,94369696,0,0,353,10474,6734,11492,1,1,97,0,0
6611,0,2,4284,331700,346748,94404528,0,0,224,51676,6287,10538,1,1,96,2,0
6621,0,0,4284,351920,346748,94361744,0,0,544,14224,6395,11435,1,1,97,0,0
6631,2,0,4284,335432,346748,94385152,0,0,510,11834,6352,12219,1,1,97,0,0
6641,3,0,4284,328496,346748,94407408,0,0,300,10934,6440,12367,1,1,97,0,0
6651,0,0,4284,315516,346748,94421488,0,0,550,57816,7280,12857,1,1,95,3,0
6661,1,0,4284,341172,346748,94408288,0,0,452,26287,6287,10702,1,1,97,1,0
6671,11,1,4284,357760,346748,94355872,0,0,341,11497,6908,13530,2,1,97,0,0
6681,0,1,4284,335372,346748,94400408,0,0,407,55997,6664,12715,1,1,95,2,0
6691,2,0,4284,328536,346748,94419376,0,0,115,23511,6631,12237,1,1,96,1,0
6701,1,0,4284,327252,346748,94376768,0,0,65,10862,6595,11944,1,2,97,0,0
6711,5,0,4284,340348,346748,94394144,0,0,688,20,7184,13281,2,1,97,0,0
6721,2,0,4284,358340,346748,94382120,0,0,144,72576,6630,12664,1,1,95,2,0
6731,0,0,4284,345236,346748,94371944,0,0,777,23687,7341,13437,2,2,96,0,0
6741,0,1,4284,374164,346748,94374616,0,0,809,23,6964,13624,2,1,97,0,0
6751,2,2,4284,344960,346748,94437584,0,0,558,55260,6881,13951,1,1,96,2,0
6761,0,0,4284,344912,346748,94387648,0,0,598,41733,6568,10510,1,1,95,2,0
6771,0,0,4284,354592,346748,94359568,0,0,221,20,6356,12705,1,1,97,0,0
6781,0,0,4284,359504,346748,94369776,0,0,375,10823,6874,13872,2,1,97,0,0
6791,1,0,4284,328252,346748,94405168,0,0,279,82984,7171,12624,2,1,94,3,0
6801,1,0,4284,344288,346748,94388320,0,0,610,2216,6948,12863,2,1,97,0,0
6811,0,0,4284,316564,346748,94417656,0,0,571,11656,6156,11257,1,1,97,0,0
6821,0,1,4284,337264,346748,94375872,0,0,230,30551,6962,13487,1,1,97,0,0
6831,2,0,4284,338904,346748,94390216,0,0,423,50689,6584,11647,1,1,96,2,0
6841,1,0,4284,312156,346748,94432176,0,0,15,12604,6812,12976,2,1,97,0,0
6851,6,0,4284,341964,346748,94385024,0,0,143,10715,6518,11167,1,1,97,0,0
6861,4,0,4284,337776,346748,94375776,0,0,66,57279,6604,12208,1,1,96,1,0
6871,1,0,4284,351380,346748,94378960,0,0,394,12098,6436,10841,1,1,97,0,0
6881,1,0,4284,319264,346748,94415024,0,0,510,11582,6847,13269,2,1,97,0,0
6891,0,2,4284,320708,346748,94433856,0,0,774,44832,7145,12861,2,1,96,1,0
6901,4,0,4284,326596,346748,94376136,0,0,317,39064,7302,13271,2,2,95,1,0
6911,4,0,4284,322180,346748,94393408,0,0,871,13197,6589,12771,1,1,97,0,0
6921,3,0,4284,352372,346748,94369240,0,0,316,12953,6914,12615,2,1,97,0,0
6931,0,0,4284,323032,346748,94412192,0,0,171,64220,7014,13067,2,1,95,2,0
6941,3,2,4284,327552,346748,94393328,0,0,416,11144,6252,11580,1,1,97,0,0
6951,1,0,4284,342824,346748,94370704,0,0,303,13646,7497,13390,2,1,97,0,0
6961,0,1,4284,335416,346748,94387728,0,0,358,57650,6924,12397,2,1,96,1,0
6971,0,0,4284,322980,346748,94421376,0,0,251,22318,7513,13975,2,1,97,1,0
6981,1,0,4284,322460,346748,94408480,0,0,458,14353,6007,11599,1,1,97,0,0
6991,0,0,4284,358428,346748,94351488,0,0,100,14352,5962,10682,1,1,97,0,0
7001,1,0,4284,340132,346748,94367712,0,0,30,59237,6240,12000,1,1,96,1,0
7011,3,0,4284,346188,346748,94377976,0,0,112,11172,6780,12687,2,1,97,0,0
7021,2,0,4284,325636,346748,94369088,0,0,97,12337,6914,12790,2,1,97,0,0
7031,0,1,4284,389384,346748,94335984,0,0,200,69285,6535,12747,1,1,95,2,0
7041,2,0,4284,331228,346748,94370032,0,0,572,12900,7348,14566,2,1,97,0,0
7051,0,0,4284,349680,346748,94331584,0,0,372,13246,6719,12097,2,2,97,0,0
7061,1,0,4284,352860,346748,94365968,0,0,702,13258,7320,14528,2,1,97,0,0
7071,2,0,4284,332452,346748,94395392,0,0,413,78850,6585,12496,1,1,94,3,0
7081,1,0,4284,320048,346748,94411496,0,0,714,12809,8111,13259,2,1,97,0,0
7091,4,0,4284,352460,346748,94413296,0,0,294,10528,6145,12411,1,1,97,0,0
7101,1,1,4284,366224,346748,94376384,0,0,386,56122,6215,11790,1,1,96,1,0
7111,0,0,4284,335364,346748,94407408,0,0,594,31089,6565,11969,1,1,96,2,0
7121,1,0,4284,313928,346748,94467440,0,0,623,11688,6848,12630,2,1,97,0,0
7131,1,0,4284,336828,346748,94423784,0,0,446,12,6754,12389,2,1,97,0,0
7141,0,0,4284,312824,346748,94406480,0,0,170,74581,6967,12499,1,1,95,2,0
7151,0,0,4284,313476,346748,94431344,0,0,134,11753,6273,11233,1,1,97,0,0
7161,1,0,4284,332676,346748,94420688,0,0,574,10698,7000,12317,2,1,97,0,0
7171,1,2,4284,348752,346748,94359376,0,0,435,47814,6507,12465,2,1,96,1,0
7181,3,0,4284,334640,346748,94377520,0,0,1124,39630,6900,13373,2,1,96,1,0
7191,0,0,4284,351768,346748,94408672,0,0,231,9956,6014,11784,1,1,98,0,0
7201,0,0,4284,322816,346748,94409408,0,0,558,32,6820,12625,1,1,97,0,0
7211,1,0,4284,338736,346748,94358056,0,0,324,70474,7544,13336,2,2,95,2,0
7221,0,0,4284,343276,346748,94391488,0,0,242,13099,6428,12580,1,1,97,0,0
7231,1,0,4284,378996,346748,94380456,0,0,327,13158,5801,11015,1,1,98,0,0
7241,1,1,4284,343616,346748,94372128,0,0,123,51109,6604,12362,1,1,96,1,0
7251,1,0,4284,348476,346748,94379392,0,0,240,36282,7530,14514,2,1,96,1,0
7261,0,0,4284,357040,346748,94368304,0,0,350,11270,6408,13494,1,1,96,1,0
7271,1,1,4284,349748,346748,94396304,0,0,540,47,6994,13872,2,1,97,0,0
7281,0,0,4284,391708,346748,94371344,0,0,223,86948,6989,14110,2,1,95,2,0
7291,2,0,4284,335328,346748,94403984,0,0,237,11190,5932,11617,1,1,98,0,0
7301,1,0,4284,341500,346748,94428224,0,0,633,46,6523,13254,2,1,97,0,0
7311,0,2,4284,347508,346748,94390048,0,0,345,21206,6232,11227,1,1,97,0,0
7321,1,0,4284,315080,346748,94396736,0,0,170,76040,6919,13218,1,1,94,3,0
7331,9,0,4284,375956,346748,94382560,0,0,307,1822,6488,11678,1,1,97,0,0
7341,0,0,4284,343820,346748,94419320,0,0,361,8,6780,13198,2,1,97,0,0
7351,0,1,4284,312072,346748,94422464,0,0,209,68921,5935,11644,1,1,96,2,0
7361,0,0,4284,350096,346748,94390416,0,0,592,25987,6362,12982,2,1,96,1,0
7371,0,0,4284,313948,346748,94420696,0,0,282,8,7161,14471,2,1,97,0,0
7381,1,0,4284,340052,346748,94387608,0,0,406,26,7104,13101,2,1,97,0,0
7391,0,0,4284,367108,346748,94378736,0,0,412,95453,7434,13645,2,1,94,3,0
7401,0,0,4284,322844,346748,94417120,0,0,821,25293,6537,12352,1,1,97,1,0
7411,1,0,4284,324244,346748,94371112,0,0,89,22,7104,14055,2,1,97,0,0
7421,0,0,4284,317048,346748,94416336,0,0,310,28,6162,11549,1,1,97,0,0
7431,0,1,4284,341008,346748,94418728,0,0,428,74030,6989,12442,1,1,95,2,0
7441,0,0,4284,323528,346748,94456240,0,0,292,29541,6094,11293,1,1,96,1,0
7451,0,0,4284,329348,346748,94400544,0,0,650,26,6960,11914,1,1,97,0,0
7461,0,1,4284,314560,346748,94418720,0,0,676,25905,6714,13537,1,1,96,2,0
7471,0,1,4284,332516,346748,94392560,0,0,302,74000,6816,14405,2,1,95,2,0
7481,0,0,4284,311456,346748,94414736,0,0,780,7178,7588,13516,2,1,96,1,0
7491,0,0,4284,337292,346748,94398080,0,0,398,8,6532,13222,2,1,97,0,0
7501,0,0,4284,341588,346748,94375360,0,0,595,35288,6844,12857,1,1,96,1,0
7511,1,0,4284,348728,346748,94399568,0,0,93,64395,7270,15118,1,1,95,2,0
7521,1,0,4284,366836,346748,94345504,0,0,210,16,6557,11345,1,1,97,0,0
7531,1,0,4284,313452,346748,94390464,0,0,333,37408,7966,13676,2,2,95,2,0
7541,2,1,4284,351460,346748,94381296,0,0,434,54602,6746,14345,1,1,96,2,0
7551,4,0,4284,341892,346748,94340344,0,0,334,1628,6746,12748,1,1,97,0,0
7561,0,0,4284,358504,346748,94355744,0,0,91,12,7024,13252,1,1,97,0,0
7571,0,0,4284,316916,346748,94395488,0,0,398,47615,7507,13017,2,1,96,1,0
7581,0,0,4284,340904,346748,94379856,0,0,496,50568,7316,13275,2,2,95,2,0
7591,0,0,4284,338844,346748,94403264,0,0,274,7,5999,11365,1,1,98,0,0
7601,1,0,4284,318540,346748,94442480,0,0,392,47814,6961,13190,1,1,96,1,0
7611,0,2,4284,313316,346748,94396480,0,0,1001,43962,6425,11661,1,1,96,1,0
7621,1,0,4284,355696,346748,94353864,0,0,626,652,6963,11961,1,1,97,1,0
7631,1,0,4284,337764,346748,94366208,0,0,503,11284,6593,12260,1,1,97,0,0
7641,5,0,4284,345700,346748,94398480,0,0,216,48261,6484,12305,1,1,96,1,0
7651,5,0,4284,329076,346748,94395544,0,0,402,37614,7021,12559,1,1,96,1,0
7661,1,2,4284,324288,346748,94366200,0,0,431,11882,7218,13612,2,2,97,0,0
7671,0,0,4284,339212,346748,94408704,0,0,370,37712,6028,11320,1,1,97,1,0
7681,1,2,4284,335904,346748,94393336,0,0,623,47252,6668,12972,1,1,96,2,0
7691,0,0,4284,345968,346748,94368408,0,0,557,23,6796,13316,1,1,97,0,0
7701,1,1,4284,364768,346748,94350016,0,0,190,20591,6784,12399,1,1,97,0,0
7711,2,0,4284,364532,346748,94342336,0,0,306,36332,7372,13621,2,1,96,1,0
7721,2,0,4284,327704,346748,94411160,0,0,624,36272,7090,13319,2,1,96,2,0
7731,1,0,4284,312384,346748,94413248,0,0,348,12310,6768,13947,2,1,97,0,0
7741,1,0,4284,327068,346748,94385040,0,0,957,39619,6794,13253,1,1,96,1,0
7751,1,0,4284,348296,346748,94379056,0,0,158,51165,7109,11726,1,1,97,1,0
7761,1,0,4284,314352,346748,94407408,0,0,267,141,6082,12297,1,1,98,0,0
7771,1,1,4284,338168,346748,94357656,0,0,375,32582,6648,12820,1,1,96,1,0
7781,2,0,4284,347988,346748,94363168,0,0,102,25197,6103,10763,1,1,97,0,0
7791,4,0,4284,346372,346748,94354960,0,0,256,33724,7154,14266,2,1,96,1,0
7801,0,0,4284,333892,346748,94377424,0,0,715,11896,6552,12290,1,1,97,0,0
7811,4,0,4284,350856,346748,94384712,0,0,254,35694,6876,12461,1,1,96,1,0
7821,2,0,4284,319512,346748,94403680,0,0,443,51532,6624,13142,1,1,95,2,0
7831,3,0,4284,322764,346748,94363376,0,0,217,54,7037,13133,2,1,97,0,0
7841,0,2,4284,336008,346748,94371888,0,0,258,33277,6323,10948,1,1,97,1,0
7851,4,0,4284,373780,346748,94351648,0,0,700,25158,6712,12072,1,1,97,0,0
7861,1,0,4284,342308,346748,94370320,0,0,299,39774,7061,12905,2,1,96,1,0
7871,0,0,4284,336412,346748,94394824,0,0,497,12025,5994,11923,1,1,97,0,0
7881,2,1,4284,380640,346748,94306672,0,0,442,34606,7361,13808,2,2,96,1,0
7891,0,0,4284,355056,346748,94329320,0,0,566,46200,6351,10585,1,2,96,1,0
7901,0,0,4284,350856,346748,94368592,0,0,583,71,6247,12944,1,1,97,0,0
7911,1,0,4284,352724,346748,94371552,0,0,778,45006,6422,12474,1,1,97,1,0
7921,1,2,4284,320396,346748,94416560,0,0,180,35394,6866,13744,2,1,97,1,0
7931,0,0,4284,340068,346748,94394368,0,0,826,10508,5913,13081,1,1,97,1,0
7941,2,0,4284,341100,346748,94372184,0,0,373,11857,6451,13268,1,1,97,0,0
7951,0,0,4284,349256,346748,94367536,0,0,516,44148,7351,12546,2,2,95,1,0
7961,1,0,4284,352240,346748,94367632,0,0,386,36042,6677,12233,1,1,96,1,0
7971,0,0,4284,326776,346752,94402560,0,0,629,45,7332,12686,1,1,97,0,0
7981,2,0,4284,359400,346752,94340864,0,0,423,51030,6645,12479,1,2,96,2,0
7991,2,3,4284,332264,346752,94400112,0,0,347,39587,6578,13121,1,1,97,1,0
8001,0,0,4284,349224,346752,94347456,0,0,583,5102,7292,13781,2,1,97,0,0
8011,0,0,4284,397428,346752,94305264,0,0,452,11399,7181,13586,2,1,97,0,0
8021,0,0,4284,349592,346752,94374648,0,0,287,52138,6607,13324,1,1,96,2,0
8031,0,0,4284,311816,346752,94390992,0,0,378,41634,7238,12747,2,1,95,2,0
8041,0,1,4284,330304,346752,94397312,0,0,452,10438,6181,13487,1,1,97,0,0
8051,0,0,4284,322928,346752,94362768,0,0,424,48758,8447,12994,2,2,96,1,0
8061,0,1,4284,316164,346752,94387008,0,0,471,21137,6474,12023,1,1,97,0,0
8071,0,0,4284,343192,346752,94342528,0,0,470,27242,6981,12069,2,2,96,1,0
8081,0,0,4284,321492,346752,94374072,0,0,386,44,6880,12701,2,1,97,0,0
8091,1,0,4284,367028,346752,94338720,0,0,229,63946,7613,14572,2,2,95,2,0
8101,3,0,4284,339224,346752,94384536,0,0,358,24577,6997,13817,2,1,96,1,0
8111,0,0,4284,357204,346752,94390784,0,0,200,12230,6599,12125,1,1,97,0,0
8121,1,0,4284,337464,346752,94390896,0,0,367,47418,6118,10916,1,1,96,1,0
8131,0,1,4284,350036,346752,94355328,0,0,416,28084,7244,12939,2,1,97,0,0
8141,0,0,4284,346524,346752,94387792,0,0,330,21059,6260,11326,1,1,96,1,0
8151,1,0,4284,326872,346752,94401192,0,0,569,30,6505,12410,1,1,97,0,0
8161,0,0,4284,347756,346752,94374096,0,0,561,58203,6908,12235,1,1,95,2,0
8171,0,0,4284,348712,346752,94383432,0,0,462,23736,6558,12839,1,1,97,1,0
8181,2,0,4284,351164,346752,94384584,0,0,406,11071,6181,12017,1,1,97,0,0
8191,0,0,4284,318808,346752,94413248,0,0,712,46523,6520,13063,1,1,96,2,0
8201,7,1,4284,359568,346752,94353744,0,0,838,36552,5981,11825,1,1,96,1,0
8211,3,0,4284,360056,346752,94367384,0,0,532,11551,5998,12541,1,1,97,0,0
8221,1,0,4284,337392,346752,94374680,0,0,393,11186,5993,11224,1,1,97,0,0
8231,1,0,4284,342992,346752,94368768,0,0,389,36641,6730,12703,1,1,96,1,0
8241,0,0,4284,335156,346752,94336048,0,0,425,32018,6440,11655,1,1,96,1,0
8251,0,0,4284,344224,346748,94359680,0,0,386,17,6404,12354,1,1,98,0,0
8261,3,0,4284,350892,346748,94337504,0,0,201,42767,6042,10911,1,1,96,2,0
8271,0,0,4284,358700,346748,94362336,0,0,246,38692,6437,12049,1,1,97,0,0
8281,1,0,4284,350864,346748,94365864,0,0,336,11498,6365,11466,1,1,97,1,0
8291,2,0,4284,332972,346748,94405496,0,0,519,46019,6213,11392,1,1,96,1,0
8301,1,1,4284,324188,346748,94399920,0,0,611,30803,6542,12054,1,1,97,0,0
8311,1,0,4284,329432,346748,94394752,0,0,470,12319,6264,10502,1,1,97,0,0
8321,2,0,4284,333220,346748,94434496,0,0,350,32,5788,10767,1,1,98,0,0
8331,0,0,4284,334204,346748,94356008,0,0,437,50333,6603,10968,1,1,96,1,0
8341,1,0,4284,328844,346748,94357584,0,0,366,33460,6907,12491,1,1,97,1,0
8351,0,0,4284,350816,346748,94352760,0,0,394,18,7049,13558,2,1,97,0,0
8361,1,0,4284,346216,346748,94365640,0,0,184,49633,6265,11703,1,1,95,2,0
8371,0,0,4284,324596,346748,94426336,0,0,366,32177,5753,10639,1,1,97,1,0
8381,0,0,4284,319948,346732,94420320,0,0,314,12566,6686,12392,1,1,97,1,0
8391,0,2,4284,316752,346732,94410832,0,0,698,34786,6422,11667,1,1,96,1,0
8401,3,0,4284,321020,346732,94408672,0,0,211,20234,7011,13357,2,1,97,1,0
8411,0,0,4284,333148,346732,94371984,0,0,575,35003,6838,11971,1,1,96,1,0
8421,0,0,4284,356660,346732,94359664,0,0,435,11,6400,10932,1,1,97,0,0
8431,1,0,4284,352996,346732,94368080,0,0,514,48937,6769,12277,1,1,96,2,0
8441,1,0,4284,356180,346732,94358664,0,0,864,38472,6939,12549,1,1,96,2,0
8451,0,0,4284,360028,346732,94394360,0,0,440,12470,6596,14569,2,1,97,1,0
8461,1,0,4284,347084,346732,94373312,0,0,286,46826,6737,12679,1,1,96,2,0
8471,2,0,4284,347380,346732,94345712,0,0,252,35074,6538,11042,1,1,97,0,0
8481,0,1,4284,339012,346732,94344144,0,0,191,12508,6285,11431,1,2,97,0,0
8491,0,1,4284,344252,346732,94362856,0,0,440,11997,7139,13260,2,1,97,0,0
8501,0,0,4284,374004,346732,94314928,0,0,461,46832,7304,13408,2,2,95,1,0
8511,3,0,4284,337672,346728,94389808,0,0,718,38764,6927,14220,2,1,96,2,0
8521,0,0,4284,329096,346728,94378328,0,0,698,14,6551,13198,1,1,97,0,0
8531,0,0,4284,333764,346728,94349104,0,0,605,47365,6583,11940,1,2,96,1,0
8541,1,0,4284,315780,346728,94385504,0,0,452,38830,7154,13444,2,1,96,1,0
8551,1,0,4284,335300,346728,94395568,0,0,384,12134,6298,11940,1,1,97,0,0
8561,1,0,4284,347184,346728,94316912,0,0,643,24788,7169,13531,2,1,97,0,0
8571,1,0,4284,317508,346728,94376920,0,0,624,37698,6815,13806,1,1,94,3,0
8581,0,0,4284,359952,346728,94324128,0,0,95,33677,6603,12382,1,2,96,1,0
8591,1,0,4284,344592,346728,94367056,0,0,482,74,6662,11928,1,1,97,0,0
8601,0,0,4284,311468,346728,94397824,0,0,511,43826,7161,13085,2,1,96,1,0
8611,1,0,4284,334500,346728,94374224,0,0,123,42543,6617,13710,1,1,96,1,0
8621,2,0,4284,348520,346728,94386400,0,0,194,98,6764,13053,2,1,97,0,0
8631,0,2,4284,335440,346728,94374288,0,0,236,41496,7777,12357,1,1,96,1,0
8641,1,0,4284,329576,346728,94386304,0,0,416,21769,6307,11631,1,1,97,1,0
8651,0,0,4284,338516,346728,94389624,0,0,174,36826,5510,11875,1,1,96,2,0
8661,1,0,4284,327132,346728,94414032,0,0,362,20856,6549,11780,1,1,97,0,0
8671,1,1,4284,341356,346728,94345248,0,0,402,37802,6754,12227,1,1,96,1,0
8681,1,0,4284,320612,346728,94416296,0,0,405,31444,6634,13805,1,1,96,1,0
8691,2,0,4284,329032,346728,94408496,0,0,530,22,6368,12207,1,1,97,0,0
8701,2,0,4284,353272,346728,94338752,0,0,378,46128,7265,14886,2,1,95,2,0
8711,2,1,4284,327404,346728,94341952,0,0,456,29971,6856,13090,2,2,96,1,0
8721,0,0,4284,317876,346728,94335424,0,0,398,21129,6822,12898,2,1,96,1,0
8731,0,0,4284,335288,346728,94321712,0,0,975,23651,6896,12330,1,1,96,1,0
8741,0,0,4284,330124,346728,94357984,0,0,593,43818,5982,12037,1,1,96,1,0
8751,0,0,4284,368584,346728,94333840,0,0,594,20224,6916,12327,1,2,96,1,0
8761,1,0,4284,326220,346728,94375632,0,0,146,21,7138,13019,2,1,97,0,0
8771,1,0,4284,346036,346728,94368752,0,0,636,55421,6530,10944,1,1,96,2,0
8781,2,0,4284,319104,346728,94410224,0,0,302,35280,6214,12294,1,1,97,1,0
8791,1,0,4284,313440,346728,94384360,0,0,324,24,6171,11532,1,1,97,0,0
8801,0,0,4284,342392,346728,94348296,0,0,703,20741,7695,13775,2,1,96,1,0
8811,0,0,4284,315120,346728,94402648,0,0,682,48578,5873,12062,1,1,96,2,0
8821,1,0,4284,353060,346728,94345232,0,0,534,25500,6393,13061,1,1,96,1,0
8831,1,0,4284,329484,346728,94389256,0,0,388,22574,5329,10505,1,1,98,0,0
8841,0,0,4284,380284,346728,94329912,0,0,248,32763,6690,12203,2,2,96,1,0
8851,0,0,4284,346172,346728,94367536,0,0,604,33528,6602,12737,1,2,95,1,0
8861,2,0,4284,336092,346728,94346112,0,0,301,31,6508,11554,1,1,97,0,0
8871,3,0,4284,321680,346728,94342128,0,0,620,35242,7310,12181,2,2,95,1,0
8881,1,0,4284,309880,346728,94393928,0,0,473,34181,6696,11208,1,2,96,1,0
8891,3,0,4284,328668,346728,94374536,0,0,580,27004,6498,12667,1,1,97,1,0
8901,0,2,4284,341216,346728,94376592,0,0,711,21332,7126,12567,2,1,96,1,0
8911,0,0,4284,330008,346728,94402768,0,0,278,37602,7004,13364,1,1,96,1,0
8921,1,0,4284,341432,346728,94359688,0,0,642,38428,6863,14010,1,1,96,2,0
8931,0,0,4284,355020,346728,94318848,0,0,185,20,6090,11223,1,1,97,0,0
8941,0,0,4284,361336,346728,94326672,0,0,638,55505,6910,13057,1,1,95,2,0
8951,0,0,4284,346220,346728,94383960,0,0,101,17513,6603,12752,1,1,97,1,0
8961,1,0,4284,343380,346728,94353440,0,0,524,11892,7198,11341,1,2,96,1,0
8971,1,1,4284,354856,346728,94356272,0,0,653,28493,7068,12915,2,1,96,1,0
8981,0,0,4284,350396,346728,94348000,0,0,205,45011,6021,10796,1,1,95,2,0
8991,0,0,4284,365408,346728,94326208,0,0,652,23899,6607,11949,1,1,97,1,0
9001,1,0,4284,350084,346728,94361552,0,0,292,23,5978,11953,1,1,98,0,0
9011,0,0,4284,336264,346728,94344144,0,0,542,58052,7116,12262,1,2,95,2,0
9021,1,0,4284,370172,346728,94336672,0,0,314,38214,6636,13559,1,1,96,1,0
9031,0,0,4284,341128,346728,94387656,0,0,289,68,6022,11050,1,1,98,0,0
9041,1,1,4284,373432,346728,94323424,0,0,153,23928,5766,10146,1,1,97,0,0
9051,2,0,4284,343504,346728,94323640,0,0,491,36952,5683,9156,1,1,96,2,0
9061,1,0,4284,349352,346728,94368048,0,0,870,17582,6667,11854,1,1,96,1,0
9071,1,0,4284,342956,346728,94372912,0,0,440,37,7322,13053,2,1,97,0,0
9081,1,1,4284,343304,346728,94426888,0,0,525,60590,6273,13862,1,1,96,2,0
9091,0,0,4284,337152,346728,94377840,0,0,946,36629,6466,11330,1,1,96,1,0
9101,1,0,4284,340496,346728,94350960,0,0,262,36,6196,11112,1,1,97,0,0
9111,0,5,4284,324232,346728,94377088,0,0,485,25607,6033,11457,1,1,97,1,0
9121,2,0,4284,347304,346728,94350304,0,0,928,37270,6698,12117,1,1,96,1,0
9131,1,1,4284,322800,346728,94419936,0,0,536,24042,6732,12994,1,1,96,1,0
9141,1,0,4284,343928,346728,94383616,0,0,406,32,7092,12089,1,1,97,0,0
9151,1,0,4284,353788,346728,94367848,0,0,208,56053,5902,10947,1,1,96,2,0
9161,1,0,4284,356044,346728,94367680,0,0,204,34711,5543,10208,1,1,97,1,0
9171,2,0,4284,342912,346728,94341488,0,0,444,28,6968,12285,1,1,97,1,0
9181,2,2,4284,334016,346728,94361376,0,0,546,34866,6522,12127,1,1,97,1,0
9191,1,0,4284,338980,346728,94383936,0,0,470,32984,6458,13080,1,1,96,1,0
9201,2,0,4284,324072,346728,94383168,0,0,397,23830,6997,12437,2,1,97,0,0
9211,1,0,4284,327656,346728,94379360,0,0,382,32,6929,12331,2,1,97,0,0
9221,1,0,4284,326596,346728,94402640,0,0,944,76862,7404,14362,2,1,95,2,0
9231,1,1,4284,342728,346728,94363696,0,0,529,23330,7017,12478,1,1,96,1,0
9241,0,0,4284,348004,346728,94373872,0,0,1111,30,6280,12277,1,1,97,0,0
9251,1,1,4284,339164,346728,94330408,0,0,620,22594,7139,12727,2,1,97,0,0
9261,0,0,4284,326124,346728,94374512,0,0,282,77409,7348,13801,2,1,94,3,0
9271,1,0,4284,354700,346728,94373264,0,0,422,3266,6321,12100,1,1,98,0,0
9281,0,0,4284,346780,346728,94345536,0,0,945,42,7321,13825,2,1,97,0,0
9291,1,2,4284,342888,346728,94352000,0,0,264,59498,6676,12490,1,1,96,2,0
9301,2,0,4284,365720,346728,94304544,0,0,442,41220,7288,13655,2,1,95,3,0
9311,2,0,4284,333816,346728,94365728,0,0,422,36,6705,13689,2,1,97,0,0
9321,1,0,4284,342104,346728,94392528,0,0,348,12571,6376,12038,1,1,97,0,0
9331,0,1,4284,331652,346728,94344144,0,0,524,84988,8089,13873,2,2,94,3,0
9341,1,0,4284,352164,346728,94337616,0,0,409,14409,6412,11991,1,1,97,1,0
9351,2,1,4284,333756,346728,94362656,0,0,590,9923,6981,13584,2,1,97,0,0
9361,6,0,4284,369540,346728,94350272,0,0,618,12222,7100,12965,2,1,97,0,0
9371,0,0,4284,334792,346728,94359272,0,0,728,47811,6388,11011,1,1,95,3,0
9381,0,0,4284,365852,346728,94319040,0,0,251,36876,7536,14737,2,1,96,1,0
9391,2,0,4284,337644,346728,94355168,0,0,746,12603,6391,12474,1,1,97,0,0
9401,1,0,4284,349952,346728,94376400,0,0,497,48216,7205,12927,2,1,96,1,0
9411,0,0,4284,351908,346728,94308432,0,0,281,20886,6420,11548,1,2,96,1,0
9421,1,1,4284,342816,346728,94333856,0,0,493,11880,6729,12348,2,1,97,0,0
9431,1,0,4284,328448,346728,94349616,0,0,255,23156,7491,13492,2,2,96,0,0
9441,0,0,4284,318664,346728,94364616,0,0,248,59344,6630,13165,1,1,95,2,0
9451,0,0,4284,330800,346728,94346928,0,0,780,12467,6515,12181,1,2,97,1,0
9461,1,2,4284,345040,346728,94368992,0,0,754,18403,6534,12169,1,1,97,0,0
9471,0,0,4284,330280,346728,94383648,0,0,900,39800,7363,12643,1,1,96,2,0
9481,1,0,4284,331728,346728,94369344,0,0,736,32476,6885,13066,1,1,96,1,0
9491,1,0,4284,350960,346728,94349024,0,0,470,12551,6951,12115,1,1,97,0,0
9501,1,2,4284,341544,346728,94340320,0,0,423,31858,6815,13246,1,1,97,1,0
9511,0,0,4284,333068,346728,94381664,0,0,658,37921,6899,12732,2,1,95,2,0
9521,1,0,4284,312780,346728,94399392,0,0,642,13024,6955,12818,1,1,97,1,0
9531,1,0,4284,317680,346728,94395136,0,0,394,23676,5846,10642,1,1,97,0,0
9541,4,0,4284,344556,346728,94361032,0,0,764,35679,6637,13066,1,1,97,1,0
9551,0,0,4284,315644,346728,94380656,0,0,776,36909,7407,13915,2,1,96,1,0
9561,0,0,4284,362804,346728,94293904,0,0,610,11739,7946,13280,2,2,96,0,0
9571,1,1,4284,344460,346728,94311264,0,0,643,40833,6682,12281,1,2,95,2,0
9581,2,0,4284,312184,346728,94378176,0,0,244,36042,7080,13386,2,1,96,2,0
9591,0,0,4284,337424,346728,94348992,0,0,149,13973,6213,11014,1,1,97,0,0
9601,3,0,4284,321672,346728,94387736,0,0,314,21368,6536,13236,2,1,97,0,0
9611,1,0,4284,356164,346728,94339896,0,0,354,43693,6341,10965,1,1,96,1,0
9621,1,0,4284,335940,346728,94392992,0,0,811,28493,6781,12422,1,1,96,1,0
9631,0,0,4284,337912,346728,94366032,0,0,238,12421,6799,12638,2,1,97,0,0
9641,1,0,4284,337656,346728,94386960,0,0,581,45912,6304,11933,1,1,95,2,0
9651,2,0,4284,321740,346728,94371120,0,0,281,23564,6583,12100,2,1,97,1,0
9661,0,0,4284,348840,346728,94360200,0,0,419,11978,5836,10464,1,1,98,0,0
9671,3,0,4284,350856,346728,94377672,0,0,649,23828,6241,11512,1,1,97,0,0
9681,1,1,4284,315028,346728,94375136,0,0,379,52892,6754,12794,2,2,95,2,0
9691,0,0,4284,368092,346728,94327984,0,0,140,13112,6141,11683,1,1,97,0,0
9701,0,1,4284,363024,346728,94336224,0,0,666,16044,7057,12204,2,1,97,0,0
9711,1,0,4284,323724,346728,94398656,0,0,519,45420,6632,13575,1,1,96,2,0
9721,0,0,4284,326424,346728,94357296,0,0,844,34947,7218,12499,1,1,96,1,0
9731,0,0,4284,364060,346728,94336064,0,0,448,11799,6983,12688,2,1,97,0,0
9741,0,1,4284,352300,346728,94361264,0,0,655,27096,7069,13127,2,1,97,0,0
9751,0,0,4284,365260,346728,94346624,0,0,560,45886,6801,11722,1,2,95,2,0
9761,0,0,4284,354324,346728,94358272,0,0,333,12196,5423,9559,1,1,98,0,0
9771,1,0,4284,342332,346728,94349776,0,0,631,21633,6452,11921,1,1,97,1,0
9781,1,0,4284,336688,346728,94400712,0,0,585,43298,7290,14062,2,1,95,2,0
9791,1,0,4284,369900,346728,94301000,0,0,910,21903,8009,11669,2,2,96,0,0
9801,0,0,4284,354720,346728,94315888,0,0,142,11935,6348,12246,1,1,97,0,0
9811,2,2,4284,344508,346728,94341024,0,0,314,43905,6951,12495,2,1,95,2,0
9821,0,0,4284,368956,346728,94312656,0,0,951,45172,7544,13777,2,2,94,2,0
9831,4,0,4284,350364,346728,94332024,0,0,536,12318,6228,11419,1,1,97,1,0
9841,2,0,4284,315508,346728,94388048,0,0,261,12207,5828,11584,1,1,97,1,0
9851,0,0,4284,338424,346728,94347664,0,0,580,43658,7078,12402,1,1,95,2,0
9861,0,0,4284,331500,346728,94380952,0,0,179,22424,5600,10759,1,1,97,1,0
9871,1,0,4284,360296,346728,94377248,0,0,549,23707,6350,11698,1,1,97,1,0
9881,0,3,4284,344708,346728,94355872,0,0,590,34322,7108,12211,1,2,95,2,0
9891,0,0,4284,314084,346728,94363472,0,0,694,33034,7017,13803,1,2,96,1,0
9901,3,0,4284,322668,346728,94358976,0,0,740,10814,6533,12787,1,1,97,0,0
9911,1,0,4284,351832,346728,94317296,0,0,205,21634,6236,10874,1,1,97,0,0
9921,0,2,4284,366508,346728,94326240,0,0,568,45704,7285,13525,2,2,96,1,0
9931,3,0,4284,367604,346728,94311280,0,0,970,10970,6966,12844,2,1,96,1,0
9941,0,0,4284,370424,346728,94321936,0,0,144,21597,6425,10613,1,1,97,0,0
9951,0,0,4284,346844,346728,94367968,0,0,633,40891,5700,11268,1,1,97,1,0
9961,1,0,4284,345468,346728,94335904,0,0,117,21270,6830,11125,1,2,96,0,0
9971,4,0,4284,312248,346728,94346752,0,0,370,23008,7132,13012,2,1,96,1,0
9981,0,2,4284,342080,346728,94383008,0,0,749,32080,5893,10834,1,1,96,1,0
9991,0,0,4284,357428,346728,94358528,0,0,579,37236,6930,14802,1,1,95,2,0
10001,1,0,4284,354468,346728,94306792,0,0,640,10718,6425,10835,1,2,97,0,0
10011,1,0,4284,334952,346728,94353376,0,0,530,23515,6596,11921,1,1,97,1,0
10021,0,0,4284,349416,346728,94353160,0,0,270,35552,6556,13388,1,1,96,2,0
10031,1,0,4284,345384,346728,94352472,0,0,132,20915,6001,11547,1,1,97,0,0
10041,2,0,4284,329460,346728,94346912,0,0,544,22135,6509,11809,1,1,97,0,0
10051,0,1,4284,357064,346728,94356416,0,0,225,41412,5985,11109,1,1,96,1,0
10061,1,0,4284,318276,346728,94387648,0,0,351,21088,6198,10457,1,1,97,1,0
10071,1,0,4284,347372,346728,94345160,0,0,284,10944,5748,11002,1,1,98,0,0
10081,2,0,4284,334184,346728,94345760,0,0,305,21415,6224,11287,1,1,97,1,0
10091,0,0,4284,345316,346728,94330024,0,0,323,50604,6573,12750,1,1,96,2,0
10101,1,0,4284,356228,346728,94307568,0,0,602,10841,6830,13745,2,2,96,0,0
10111,1,0,4284,344960,346728,94359136,0,0,385,19641,5885,10809,1,1,97,0,0
10121,1,0,4284,321816,346728,94346320,0,0,478,33424,7418,13969,2,1,96,1,0
10131,0,0,4284,339396,346728,94360808,0,0,456,23081,6164,13411,1,1,96,1,0
10141,0,0,4284,367256,346728,94302000,0,0,773,22938,7180,13336,2,1,97,0,0
10151,1,0,4284,350796,346728,94331552,0,0,461,48764,6925,14234,2,1,95,2,0
10161,0,0,4284,354280,346728,94356208,0,0,283,26996,7218,12967,2,1,97,1,0
10171,1,0,4284,373932,346728,94359576,0,0,998,12372,6606,10886,1,1,97,0,0
10181,0,0,4284,341800,346728,94379032,0,0,661,25028,5597,10740,1,1,97,0,0
10191,0,0,4284,340760,346728,94378280,0,0,500,50943,5804,11321,1,1,96,2,0
10201,1,0,4284,329888,346728,94387776,0,0,710,9458,5182,9720,1,1,98,0,0
10211,1,0,4284,368204,346728,94338160,0,0,662,18732,6235,12015,1,1,97,0,0
10221,0,2,4284,338588,346728,94334792,0,0,901,30978,6952,13182,1,1,96,1,0
10231,0,0,4284,359052,346728,94298872,0,0,532,20243,7158,12974,2,1,96,1,0
10241,1,0,4284,331480,346728,94346128,0,0,549,22081,6159,10733,1,2,97,1,0
10251,0,1,4284,364584,346728,94298256,0,0,856,35710,6174,12995,1,1,97,1,0
10261,0,0,4284,400108,346728,94294176,0,0,681,35325,6404,11513,1,1,96,1,0
10271,0,0,4284,354396,346728,94310096,0,0,626,10366,6530,10894,1,1,97,0,0
10281,4,0,4284,340152,346728,94332896,0,0,1109,20757,6927,11564,1,1,97,1,0
10291,1,0,4284,318164,346728,94356464,0,0,673,32891,6552,13102,1,1,96,1,0
10301,0,0,4284,310680,346728,94399568,0,0,297,22943,6501,12884,1,1,96,1,0
10311,0,0,4284,349088,346728,94327840,0,0,328,21889,6823,11207,1,2,97,0,0
10321,0,0,4284,337456,346728,94376768,0,0,974,46990,6278,12138,1,1,97,1,0
10331,1,0,4284,387544,346728,94261664,0,0,388,23810,7512,11972,1,2,96,0,0
10341,0,0,4284,335628,346728,94330920,0,0,330,11378,6628,10768,1,1,97,0,0
10351,0,0,4284,315892,346728,94406176,0,0,354,23601,5427,9764,1,1,97,0,0
10361,4,0,4284,356336,346728,94339120,0,0,306,49603,5806,10546,1,1,96,2,0
10371,1,0,4284,320632,346728,94389216,0,0,403,9120,5544,10839,1,1,98,0,0
10381,0,0,4284,320904,346728,94402544,0,0,358,18166,6164,11475,1,1,97,0,0
10391,0,1,4284,328088,346728,94348992,0,0,254,33494,5741,11292,1,1,97,1,0
10401,0,0,4284,373172,346728,94336792,0,0,1173,11209,5551,10611,1,1,97,0,0
10411,1,0,4284,331260,346728,94394032,0,0,316,19351,6158,11457,1,1,97,0,0
10421,10,0,4284,355620,346728,94337984,0,0,299,38644,6505,11831,1,1,96,1,0
10431,0,0,4284,325032,346728,94363504,0,0,350,19352,6668,13475,2,1,96,1,0
10441,0,1,4284,348608,346728,94355168,0,0,467,22063,6159,10943,1,1,97,1,0
10451,0,2,4284,348976,346728,94365200,0,0,436,20781,6629,12424,1,1,97,0,0
10461,2,0,4284,313972,346728,94383712,0,0,284,46260,5676,11095,1,1,96,2,0
10471,0,0,4284,351028,346728,94350552,0,0,516,10232,6046,11090,1,1,97,0,0
10481,1,0,4284,343572,346728,94339992,0,0,402,23375,6646,11823,1,2,97,0,0
10491,4,0,4284,344800,346728,94349280,0,0,254,34518,7196,12987,2,1,96,1,0
10501,1,0,4284,351428,346728,94327800,0,0,223,21694,6440,12176,1,1,97,1,0
10511,2,0,4284,317840,346728,94370768,0,0,248,24341,6895,13133,1,1,97,0,0
10521,1,2,4284,322368,346728,94374432,0,0,262,45863,6268,11390,1,1,96,2,0
10531,0,0,4284,336276,346728,94376656,0,0,353,20648,6124,10824,1,1,97,1,0
10541,0,0,4284,343228,346728,94335064,0,0,410,9700,6733,12371,1,1,97,0,0
10551,0,0,4284,345160,346728,94334704,0,0,699,22770,7062,13189,1,1,96,2,0
10561,1,0,4284,357852,346728,94301888,0,0,85,59678,7043,13287,2,1,95,2,0
10571,0,1,4284,339424,346728,94312224,0,0,411,11283,6372,10751,1,2,97,0,0
10581,0,0,4284,347576,346728,94328272,0,0,248,11775,5805,10564,1,1,98,0,0
10591,0,0,4284,322940,346728,94349136,0,0,707,47484,6566,12351,1,1,95,2,0
10601,4,0,4284,343544,346728,94346296,0,0,958,21223,6207,11258,1,1,96,1,0
10611,1,1,4284,339440,346728,94387664,0,0,300,21506,6668,12562,1,1,97,0,0
10621,1,0,4284,326060,346728,94383616,0,0,171,12428,6307,13068,1,1,97,0,0
10631,1,0,4284,331616,346728,94354352,0,0,651,56580,6489,11903,1,1,95,2,0
10641,0,0,4284,336904,346728,94336576,0,0,414,10920,6283,11328,1,1,97,0,0
10651,0,0,4284,358924,346728,94360912,0,0,246,22026,6225,10998,1,1,97,1,0
10661,0,0,4284,356992,346728,94374800,0,0,490,30349,5863,9785,1,1,96,1,0
10671,2,0,4284,373216,346728,94313568,0,0,372,23801,5897,11299,1,1,97,1,0
10681,1,0,4284,357436,346728,94347232,0,0,471,21485,6296,11303,1,1,97,1,0
10691,0,1,4284,332812,346728,94367136,0,0,498,38867,7329,12279,2,1,96,1,0
10701,0,0,4284,352060,346728,94338064,0,0,1091,22484,6057,11126,1,1,97,1,0
10711,1,0,4284,360208,346728,94360560,0,0,832,11363,6011,11433,1,1,97,1,0
10721,1,0,4284,348576,346728,94348528,0,0,492,23728,6085,12271,1,1,97,0,0
10731,0,2,4284,346904,346728,94357648,0,0,447,46824,6610,14151,1,1,96,2,0
10741,1,0,4284,352928,346728,94351944,0,0,398,5779,7049,12842,2,1,97,1,0
10751,0,0,4284,330472,346728,94355544,0,0,242,22274,6089,10887,1,1,97,0,0
10761,1,0,4284,366736,346728,94346112,0,0,420,45782,5726,10921,1,1,96,2,0
10771,5,0,4284,334592,346728,94370192,0,0,699,21528,5927,11137,1,1,97,1,0
10781,0,0,4284,343840,346728,94340464,0,0,796,19858,6556,12131,1,1,97,0,0
10791,0,2,4284,337560,346728,94350432,0,0,521,30603,5220,11028,1,1,97,0,0
10801,0,0,4284,366420,346728,94319416,0,0,398,29057,6019,10463,1,1,96,1,0
10811,0,0,4284,359208,346728,94341496,0,0,524,10250,6204,11563,1,1,97,0,0
10821,0,0,4284,313964,346728,94362160,0,0,615,17628,6402,11652,1,1,97,0,0
